win,teamid,csPerMin,goldPerMin,xpPerMin
0,100,3.96,326.4,0.94
1,200,3.62,500.72,-0.94
0,100,0,0,0
1,200,0,0,0
1,100,0,0,0
0,200,0,0,0
0,100,0,0,0
1,200,0,0,0
0,100,0,0,0
1,200,0,0,0
1,100,0,0,0
0,200,0,0,0
0,100,0,0,0
1,200,0,0,0
1,100,0,0,0
0,200,0,0,0
0,100,0,0,0
1,200,0,0,0
1,100,0,0,0
0,200,0,0,0
1,100,0,0,0
0,200,0,0,0
1,100,0,0,0
0,200,0,0,0
1,100,0,0,0
0,200,0,0,0
0,100,0,0,0
1,200,0,0,0
1,100,0,0,0
0,200,0,0,0
0,100,0,0,0
1,200,0,0,0
0,100,0,0,0
1,200,0,0,0
1,100,4.8,288.5,-0.3
0,200,5.1,355.2,0.3
0,100,0,0,0
1,200,0,0,0
0,100,0,0,0
1,200,0,0,0
1,100,0,0,0
0,200,0,0,0
0,100,0,0,0
1,200,0,0,0
1,100,0,0,0
0,200,0,0,0
1,100,4.84,432.9,0.22
0,200,4.24,357.52,-0.22
1,100,0,0,0
0,200,0,0,0
1,100,0,0,0
0,200,0,0,0
1,100,0,0,0
0,200,0,0,0
1,100,0,0,0
0,200,0,0,0
0,100,0,0,0
1,200,0,0,0
0,100,0,0,0
1,200,0,0,0
1,100,4.04,386.24,-0.5
0,200,5.04,371.38,0.5
1,100,0,0,0
0,200,0,0,0
0,100,0,0,0
1,200,0,0,0
1,100,0,0,0
0,200,0,0,0
1,100,0,0,0
0,200,0,0,0
0,100,0,0,0
1,200,0,0,0
1,100,0,0,0
0,200,0,0,0
1,100,0,0,0
0,200,0,0,0
1,100,0,0,0
0,200,0,0,0
1,100,0,0,0
0,200,0,0,0
0,100,0,0,0
1,200,0,0,0
0,100,0,0,0
1,200,0,0,0
0,100,0,0,0
1,200,0,0,0
0,100,0,0,0
1,200,0,0,0
1,100,0,0,0
0,200,0,0,0
1,100,0,0,0
0,200,0,0,0
1,100,0,0,0
0,200,0,0,0
1,100,0,0,0
0,200,0,0,0
1,100,0,0,0
0,200,0,0,0
0,100,0,0,0
1,200,0,0,0
0,100,0,0,0
1,200,0,0,0
0,100,0,0,0
1,200,0,0,0
0,100,0,0,0
1,200,0,0,0
1,100,0,0,0
0,200,0,0,0
1,100,0,0,0
0,200,0,0,0
0,100,0,0,0
1,200,0,0,0
1,100,4.3,483.8,0.58
0,200,3.72,415.16,-0.58
0,100,0,0,0
1,200,0,0,0
1,100,4.74,476.56,0.04
0,200,4.72,387.34,-0.04
1,100,0,0,0
0,200,0,0,0
1,100,0,0,0
0,200,0,0,0
0,100,0,0,0
1,200,0,0,0
0,100,0,0,0
1,200,0,0,0
0,100,0,0,0
1,200,0,0,0
1,100,4.38,470.6,0
0,200,3.66,397.82,0
0,100,0,0,0
1,200,0,0,0
1,100,3.58,492.68,0.1
0,200,2.8,360.02,-0.1
0,100,0,0,0
1,200,0,0,0
0,100,0,0,0
1,200,0,0,0
1,100,0,0,0
0,200,0,0,0
0,100,0,0,0
1,200,0,0,0
0,100,0,0,0
1,200,0,0,0
0,100,0,0,0
1,200,0,0,0
0,100,0,0,0
1,200,0,0,0
0,100,0,0,0
1,200,0,0,0
1,100,0,0,0
0,200,0,0,0
1,100,0,0,0
0,200,0,0,0
0,100,0,0,0
1,200,0,0,0
1,100,0,0,0
0,200,0,0,0
0,100,0,0,0
1,200,0,0,0
1,100,0,0,0
0,200,0,0,0
1,100,0,0,0
0,200,0,0,0
0,100,0,0,0
1,200,0,0,0
1,100,0,0,0
0,200,0,0,0
1,100,0,0,0
0,200,0,0,0
0,100,0,0,0
1,200,0,0,0
1,100,4.74,344.76,0.36
0,200,4.38,370.46,-0.36
1,100,0,0,0
0,200,0,0,0
1,100,0,0,0
0,200,0,0,0
0,100,0,0,0
1,200,0,0,0
0,100,0,0,0
1,200,0,0,0
1,100,0,0,0
0,200,0,0,0
1,100,4.68,370.9,-0.58
0,200,5.26,426.12,0.58
0,100,0,0,0
1,200,0,0,0
0,100,0,0,0
1,200,0,0,0
1,100,2.84,362.9,0
0,200,3.28,396.3,0
0,100,3.18,409.64,0.52
1,200,2.66,379.18,-0.52
1,100,0,0,0
0,200,0,0,0
1,100,0,0,0
0,200,0,0,0
0,100,0,0,0
1,200,0,0,0
1,100,0,0,0
0,200,0,0,0
0,100,4.54,393.42,0.5
1,200,4.7,424.9,-0.5
1,100,0,0,0
0,200,0,0,0
0,100,0,0,0
1,200,0,0,0
1,100,0,0,0
0,200,0,0,0
1,100,0,0,0
0,200,0,0,0
0,100,0,0,0
1,200,0,0,0
1,100,0,0,0
0,200,0,0,0
0,100,0,0,0
1,200,0,0,0
0,100,0,0,0
1,200,0,0,0
1,100,0,0,0
0,200,0,0,0
0,100,0,0,0
1,200,0,0,0
1,100,0,0,0
0,200,0,0,0
1,100,0,0,0
0,200,0,0,0
0,100,0,0,0
1,200,0,0,0
1,100,0,0,0
0,200,0,0,0
1,100,2.78,504.94,-0.84
0,200,3.62,343.84,0.84
1,100,3.3,411,0.3
0,200,3,333.26,-0.3
0,100,0,0,0
1,200,0,0,0
0,100,0,0,0
1,200,0,0,0
1,100,3.22,420.78,0.16
0,200,2.6,458.62,-0.16
1,100,3.68,498.02,-0.1
0,200,3.78,297.62,0.1
0,100,0,0,0
1,200,0,0,0
0,100,3.68,309.68,0.04
1,200,2.4,424.18,-0.04
1,100,0,0,0
0,200,0,0,0
0,100,0,0,0
1,200,0,0,0
0,100,0,0,0
1,200,0,0,0
0,100,4.02,364.04,0.2
1,200,3.82,372.76,-0.2
0,100,0,0,0
1,200,0,0,0
0,100,4.02,395.78,0.24
1,200,5.08,430.98,-0.24
1,100,0,0,0
0,200,0,0,0
1,100,0,0,0
0,200,0,0,0
0,100,0,0,0
1,200,0,0,0
0,100,0,0,0
1,200,0,0,0
0,100,0,0,0
1,200,0,0,0
0,100,4.94,383.3,0.4
1,200,5.04,417.84,-0.4
1,100,0,0,0
0,200,0,0,0
0,100,5.12,438.78,1.16
1,200,3.12,468.3,-1.16
0,100,0,0,0
1,200,0,0,0
0,100,0,0,0
1,200,0,0,0
0,100,3.58,365,-0.22
1,200,3.4,500.34,0.22
1,100,0,0,0
0,200,0,0,0
1,100,0,0,0
0,200,0,0,0
1,100,4.04,541.36,0.14
0,200,3.7,330.88,-0.14
0,100,0,0,0
1,200,0,0,0
1,100,0,0,0
0,200,0,0,0
1,100,0,0,0
0,200,0,0,0
0,100,0,0,0
1,200,0,0,0
1,100,0,0,0
0,200,0,0,0
0,100,5.12,326.14,0.52
1,200,4.6,480.66,-0.52
0,100,0,0,0
1,200,0,0,0
0,100,0,0,0
1,200,0,0,0
1,100,0,0,0
0,200,0,0,0
0,100,0,0,0
1,200,0,0,0
0,100,0,0,0
1,200,0,0,0
0,100,0,0,0
1,200,0,0,0
0,100,0,0,0
1,200,0,0,0
0,100,0,0,0
1,200,0,0,0
0,100,0,0,0
1,200,0,0,0
1,100,0,0,0
0,200,0,0,0
1,100,0,0,0
0,200,0,0,0
0,100,0,0,0
1,200,0,0,0
1,100,0,0,0
0,200,0,0,0
0,100,0,0,0
1,200,0,0,0
0,100,0,0,0
1,200,0,0,0
0,100,0,0,0
1,200,0,0,0
1,100,0,0,0
0,200,0,0,0
1,100,4,426.28,0.58
0,200,3.42,350.9,-0.58
0,100,0,0,0
1,200,0,0,0
0,100,0,0,0
1,200,0,0,0
0,100,0,0,0
1,200,0,0,0
1,100,0,0,0
0,200,0,0,0
0,100,0,0,0
1,200,0,0,0
0,100,3.98,464.42,1.08
1,200,3.16,404.9,-1.08
1,100,0,0,0
0,200,0,0,0
0,100,0,0,0
1,200,0,0,0
1,100,0,0,0
0,200,0,0,0
1,100,0,0,0
0,200,0,0,0
1,100,0,0,0
0,200,0,0,0
1,100,0,0,0
0,200,0,0,0
0,100,0,0,0
1,200,0,0,0
1,100,0,0,0
0,200,0,0,0
0,100,0,0,0
1,200,0,0,0
0,100,0,0,0
1,200,0,0,0
1,100,0,0,0
0,200,0,0,0
0,100,0,0,0
1,200,0,0,0
1,100,4.92,492.68,-0.32
0,200,5.24,349.3,0.32
0,100,0,0,0
1,200,0,0,0
1,100,0,0,0
0,200,0,0,0
0,100,0,0,0
1,200,0,0,0
1,100,0,0,0
0,200,0,0,0
0,100,5,462.5,2.2
1,200,2.8,361.3,-2.2
0,100,0,0,0
1,200,0,0,0
1,100,0,0,0
0,200,0,0,0
0,100,0,0,0
1,200,0,0,0
0,100,0,0,0
1,200,0,0,0
0,100,0,0,0
1,200,0,0,0
1,100,0,0,0
0,200,0,0,0
1,100,0,0,0
0,200,0,0,0
1,100,0,0,0
0,200,0,0,0
1,100,0,0,0
0,200,0,0,0
0,100,0,0,0
1,200,0,0,0
0,100,0,0,0
1,200,0,0,0
1,100,0,0,0
0,200,0,0,0
1,100,0,0,0
0,200,0,0,0
1,100,0,0,0
0,200,0,0,0
1,100,0,0,0
0,200,0,0,0
1,100,0,0,0
0,200,0,0,0
1,100,0,0,0
0,200,0,0,0
1,100,0,0,0
0,200,0,0,0
0,100,0,0,0
1,200,0,0,0
1,100,0,0,0
0,200,0,0,0
1,100,0,0,0
0,200,0,0,0
1,100,0,0,0
0,200,0,0,0
0,100,0,0,0
1,200,0,0,0
1,100,0,0,0
0,200,0,0,0
1,100,0,0,0
0,200,0,0,0
0,100,0,0,0
1,200,0,0,0
0,100,0,0,0
1,200,0,0,0
0,100,0,0,0
1,200,0,0,0
1,100,0,0,0
0,200,0,0,0
0,100,0,0,0
1,200,0,0,0
1,100,0,0,0
0,200,0,0,0
1,100,0,0,0
0,200,0,0,0
1,100,0,0,0
0,200,0,0,0
1,100,0,0,0
0,200,0,0,0
0,100,0,0,0
1,200,0,0,0
0,100,0,0,0
1,200,0,0,0
1,100,0,0,0
0,200,0,0,0
0,100,4.2,381.18,0.38
1,200,3.82,472.78,-0.38
0,100,0,0,0
1,200,0,0,0
1,100,0,0,0
0,200,0,0,0
0,100,0,0,0
1,200,0,0,0
1,100,0,0,0
0,200,0,0,0
1,100,0,0,0
0,200,0,0,0
1,100,0,0,0
0,200,0,0,0
0,100,0,0,0
1,200,0,0,0
1,100,0,0,0
0,200,0,0,0
1,100,0,0,0
0,200,0,0,0
1,100,0,0,0
0,200,0,0,0
0,100,0,0,0
1,200,0,0,0
1,100,0,0,0
0,200,0,0,0
0,100,0,0,0
1,200,0,0,0
0,100,0,0,0
1,200,0,0,0
0,100,0,0,0
1,200,0,0,0
0,100,0,0,0
1,200,0,0,0
0,100,0,0,0
1,200,0,0,0
1,100,0,0,0
0,200,0,0,0
1,100,0,0,0
0,200,0,0,0
1,100,0,0,0
0,200,0,0,0
0,100,0,0,0
1,200,0,0,0
1,100,0,0,0
0,200,0,0,0
1,100,0,0,0
0,200,0,0,0
0,100,0,0,0
1,200,0,0,0
1,100,0,0,0
0,200,0,0,0
0,100,0,0,0
1,200,0,0,0
1,100,3.02,427.3,0.08
0,200,3.32,450.32,-0.08
1,100,0,0,0
0,200,0,0,0
0,100,0,0,0
1,200,0,0,0
0,100,0,0,0
1,200,0,0,0
1,100,0,0,0
0,200,0,0,0
1,100,0,0,0
0,200,0,0,0
1,100,0,0,0
0,200,0,0,0
1,100,0,0,0
0,200,0,0,0
1,100,0,0,0
0,200,0,0,0
0,100,0,0,0
1,200,0,0,0
1,100,0,0,0
0,200,0,0,0
0,100,0,0,0
1,200,0,0,0
0,100,0,0,0
1,200,0,0,0
0,100,0,0,0
1,200,0,0,0
1,100,0,0,0
0,200,0,0,0
0,100,0,0,0
1,200,0,0,0
0,100,0,0,0
1,200,0,0,0
0,100,0,0,0
1,200,0,0,0
0,100,0,0,0
1,200,0,0,0
0,100,0,0,0
1,200,0,0,0
0,100,0,0,0
1,200,0,0,0
1,100,0,0,0
0,200,0,0,0
0,100,0,0,0
1,200,0,0,0
0,100,0,0,0
1,200,0,0,0
1,100,0,0,0
0,200,0,0,0
0,100,0,0,0
1,200,0,0,0
0,100,0,0,0
1,200,0,0,0
0,100,0,0,0
1,200,0,0,0
1,100,0,0,0
0,200,0,0,0
0,100,0,0,0
1,200,0,0,0
1,100,0,0,0
0,200,0,0,0
0,100,0,0,0
1,200,0,0,0
0,100,0,0,0
1,200,0,0,0
0,100,2.28,398.94,-0.52
1,200,3.24,441.76,0.52
1,100,3.74,453.12,0.62
0,200,2.82,448.1,-0.62
0,100,0,0,0
1,200,0,0,0
0,100,0,0,0
1,200,0,0,0
0,100,3.08,449.9,-0.32
1,200,3.4,332,0.32
0,100,4.38,407.92,0.44
1,200,3.1,361.34,-0.44
0,100,0,0,0
1,200,0,0,0
0,100,0,0,0
1,200,0,0,0
1,100,0,0,0
0,200,0,0,0
1,100,0,0,0
0,200,0,0,0
1,100,0,0,0
0,200,0,0,0
1,100,0,0,0
0,200,0,0,0
0,100,0,0,0
1,200,0,0,0
0,100,0,0,0
1,200,0,0,0
0,100,0,0,0
1,200,0,0,0
0,100,2.8,420.14,-0.32
1,200,3.52,481.44,0.32
1,100,0,0,0
0,200,0,0,0
1,100,0,0,0
0,200,0,0,0
0,100,0,0,0
1,200,0,0,0
0,100,0,0,0
1,200,0,0,0
0,100,4.02,410.04,-0.54
1,200,4.56,562.76,0.54
1,100,0,0,0
0,200,0,0,0
0,100,0,0,0
1,200,0,0,0
1,100,0,0,0
0,200,0,0,0
1,100,0,0,0
0,200,0,0,0
1,100,0,0,0
0,200,0,0,0
1,100,0,0,0
0,200,0,0,0
0,100,2.78,310.32,-1.22
1,200,4,503.66,1.22
0,100,0,0,0
1,200,0,0,0
0,100,0,0,0
1,200,0,0,0
1,100,0,0,0
0,200,0,0,0
1,100,0,0,0
0,200,0,0,0
1,100,0,0,0
0,200,0,0,0
0,100,0,0,0
1,200,0,0,0
1,100,0,0,0
0,200,0,0,0
1,100,5.2,535.2,2.34
0,200,2.86,359.78,-2.34
0,100,3.76,342.46,-0.38
1,200,4.34,466.98,0.38
1,100,0,0,0
0,200,0,0,0
1,100,0,0,0
0,200,0,0,0
1,100,0,0,0
0,200,0,0,0
1,100,3.62,432.06,0.16
0,200,3.46,384,-0.16
0,100,0,0,0
1,200,0,0,0
1,100,0,0,0
0,200,0,0,0
1,100,0,0,0
0,200,0,0,0
0,100,0,0,0
1,200,0,0,0
1,100,2.86,324.7,-1.5
0,200,4.36,358.58,1.5
1,100,3.7,328.26,-0.04
0,200,3.78,330.66,0.04
0,100,0,0,0
1,200,0,0,0
1,100,0,0,0
0,200,0,0,0
0,100,4.7,440.96,0.26
1,200,4.64,361.8,-0.26
1,100,0,0,0
0,200,0,0,0
0,100,0,0,0
1,200,0,0,0
0,100,0,0,0
1,200,0,0,0
0,100,0,0,0
1,200,0,0,0
1,100,0,0,0
0,200,0,0,0
0,100,0,0,0
1,200,0,0,0
0,100,0,0,0
1,200,0,0,0
0,100,3.92,385,-0.46
1,200,4.38,490.62,0.46
1,100,0,0,0
0,200,0,0,0
1,100,0,0,0
0,200,0,0,0
0,100,0,0,0
1,200,0,0,0
1,100,0,0,0
0,200,0,0,0
1,100,0,0,0
0,200,0,0,0
0,100,0,0,0
1,200,0,0,0
0,100,0,0,0
1,200,0,0,0
1,100,3.84,514.28,0.52
0,200,2.78,374.3,-0.52
0,100,5.04,380.86,-0.04
1,200,4.28,387.64,0.04
1,100,3.92,433.92,-0.16
0,200,4.08,492.34,0.16
0,100,0,0,0
1,200,0,0,0
1,100,0,0,0
0,200,0,0,0
1,100,0,0,0
0,200,0,0,0
0,100,3.96,418.9,0.42
1,200,3.8,425.16,-0.42
0,100,3.9,375.9,-0.48
1,200,4.38,419.94,0.48
1,100,0,0,0
0,200,0,0,0
1,100,0,0,0
0,200,0,0,0
0,100,5.1,409.86,0.66
1,200,4.44,414.22,-0.66
0,100,0,0,0
1,200,0,0,0
0,100,0,0,0
1,200,0,0,0
1,100,0,0,0
0,200,0,0,0
0,100,0,0,0
1,200,0,0,0
1,100,2.6,406.6,-0.04
0,200,4.2,380.16,0.04
1,100,0,0,0
0,200,0,0,0
1,100,4.52,426.94,0
0,200,4.16,366.5,0
0,100,0,0,0
1,200,0,0,0
0,100,0,0,0
1,200,0,0,0
0,100,0,0,0
1,200,0,0,0
0,100,0,0,0
1,200,0,0,0
0,100,0,0,0
1,200,0,0,0
1,100,4.16,489.5,0.88
0,200,3.52,346.36,-0.88
0,100,0,0,0
1,200,0,0,0
0,100,3.64,364.3,0
1,200,4.2,405.48,0
0,100,0,0,0
1,200,0,0,0
1,100,0,0,0
0,200,0,0,0
1,100,0,0,0
0,200,0,0,0
1,100,0,0,0
0,200,0,0,0
0,100,4.9,361.64,0
1,200,4.9,342.42,0
0,100,0,0,0
1,200,0,0,0
0,100,0,0,0
1,200,0,0,0
0,100,0,0,0
1,200,0,0,0
1,100,0,0,0
0,200,0,0,0
1,100,0,0,0
0,200,0,0,0
0,100,0,0,0
1,200,0,0,0
1,100,0,0,0
0,200,0,0,0
1,100,0,0,0
0,200,0,0,0
0,100,0,0,0
1,200,0,0,0
1,100,0,0,0
0,200,0,0,0
0,100,0,0,0
1,200,0,0,0
1,100,0,0,0
0,200,0,0,0
0,100,0,0,0
1,200,0,0,0
0,100,0,0,0
1,200,0,0,0
0,100,0,0,0
1,200,0,0,0
0,100,0,0,0
1,200,0,0,0
1,100,0,0,0
0,200,0,0,0
1,100,0,0,0
0,200,0,0,0
0,100,0,0,0
1,200,0,0,0
1,100,0,0,0
0,200,0,0,0
1,100,0,0,0
0,200,0,0,0
1,100,0,0,0
0,200,0,0,0
0,100,0,0,0
1,200,0,0,0
0,100,0,0,0
1,200,0,0,0
0,100,0,0,0
1,200,0,0,0
1,100,0,0,0
0,200,0,0,0
1,100,0,0,0
0,200,0,0,0
1,100,4.22,436.56,-0.18
0,200,5.26,408.68,0.18
0,100,3.56,374.68,0.76
1,200,2.8,338.46,-0.76
1,100,0,0,0
0,200,0,0,0
1,100,0,0,0
0,200,0,0,0
1,100,0,0,0
0,200,0,0,0
1,100,0,0,0
0,200,0,0,0
1,100,3.16,426.3,0
0,200,4,370.86,0
1,100,0,0,0
0,200,0,0,0
1,100,0,0,0
0,200,0,0,0
1,100,0,0,0
0,200,0,0,0
0,100,0,0,0
1,200,0,0,0
1,100,0,0,0
0,200,0,0,0
1,100,0,0,0
0,200,0,0,0
1,100,0,0,0
0,200,0,0,0
0,100,0,0,0
1,200,0,0,0
0,100,3.74,399.52,-0.3
1,200,4.04,409.74,0.3
1,100,0,0,0
0,200,0,0,0
1,100,0,0,0
0,200,0,0,0
1,100,0,0,0
0,200,0,0,0
0,100,0,0,0
1,200,0,0,0
1,100,0,0,0
0,200,0,0,0
1,100,0,0,0
0,200,0,0,0
0,100,4.42,446.08,0.46
1,200,3.96,508.96,-0.46
0,100,0,0,0
1,200,0,0,0
1,100,0,0,0
0,200,0,0,0
0,100,0,0,0
1,200,0,0,0
0,100,0,0,0
1,200,0,0,0
1,100,0,0,0
0,200,0,0,0
1,100,3.92,452.24,0.1
0,200,3.42,364.1,-0.1
1,100,4.46,484.26,-0.18
0,200,4.08,368.78,0.18
0,100,0,0,0
1,200,0,0,0
0,100,0,0,0
1,200,0,0,0
1,100,0,0,0
0,200,0,0,0
0,100,0,0,0
1,200,0,0,0
1,100,0,0,0
0,200,0,0,0
0,100,3.44,488.12,0.4
1,200,3.54,450.7,-0.4
0,100,3.58,384.32,-0.14
1,200,3.6,453.08,0.14
1,100,0,0,0
0,200,0,0,0
1,100,0,0,0
0,200,0,0,0
1,100,5.04,510.5,0.92
0,200,4.12,379.74,-0.92
0,100,4.36,384.76,0.7
1,200,3.66,455.94,-0.7
1,100,0,0,0
0,200,0,0,0
1,100,0,0,0
0,200,0,0,0
0,100,0,0,0
1,200,0,0,0
1,100,0,0,0
0,200,0,0,0
0,100,0,0,0
1,200,0,0,0
0,100,0,0,0
1,200,0,0,0
1,100,0,0,0
0,200,0,0,0
0,100,0,0,0
1,200,0,0,0
1,100,0,0,0
0,200,0,0,0
1,100,0,0,0
0,200,0,0,0
1,100,0,0,0
0,200,0,0,0
0,100,0,0,0
1,200,0,0,0
1,100,0,0,0
0,200,0,0,0
0,100,0,0,0
1,200,0,0,0
0,100,0,0,0
1,200,0,0,0
0,100,0,0,0
1,200,0,0,0
0,100,0,0,0
1,200,0,0,0
0,100,0,0,0
1,200,0,0,0
0,100,0,0,0
1,200,0,0,0
0,100,2.48,386.34,-0.62
1,200,3.1,478.88,0.62
0,100,0,0,0
1,200,0,0,0
1,100,0,0,0
0,200,0,0,0
0,100,0,0,0
1,200,0,0,0
1,100,0,0,0
0,200,0,0,0
0,100,3.7,380.74,-0.46
1,200,4.16,470.2,0.46
0,100,0,0,0
1,200,0,0,0
1,100,2.38,399.18,-0.92
0,200,3.22,418.64,0.92
1,100,0,0,0
0,200,0,0,0
0,100,4.14,460.1,-1.16
1,200,5.3,448.64,1.16
1,100,0,0,0
0,200,0,0,0
1,100,0,0,0
0,200,0,0,0
1,100,0,0,0
0,200,0,0,0
1,100,0,0,0
0,200,0,0,0
1,100,0,0,0
0,200,0,0,0
1,100,0,0,0
0,200,0,0,0
1,100,0,0,0
0,200,0,0,0
1,100,0,0,0
0,200,0,0,0
0,100,4.56,452.48,0.4
1,200,4.16,348.94,-0.4
0,100,0,0,0
1,200,0,0,0
0,100,0,0,0
1,200,0,0,0
1,100,0,0,0
0,200,0,0,0
0,100,0,0,0
1,200,0,0,0
1,100,0,0,0
0,200,0,0,0
1,100,0,0,0
0,200,0,0,0
1,100,0,0,0
0,200,0,0,0
0,100,0,0,0
1,200,0,0,0
1,100,0,0,0
0,200,0,0,0
0,100,0,0,0
1,200,0,0,0
0,100,4.36,400.38,-0.42
1,200,3.46,438.14,0.42
0,100,0,0,0
1,200,0,0,0
0,100,4.78,324.08,1.46
1,200,3.32,433.22,-1.46
0,100,0,0,0
1,200,0,0,0
0,100,0,0,0
1,200,0,0,0
0,100,0,0,0
1,200,0,0,0
1,100,0,0,0
0,200,0,0,0
0,100,0,0,0
1,200,0,0,0
1,100,0,0,0
0,200,0,0,0
1,100,0,0,0
0,200,0,0,0
1,100,0,0,0
0,200,0,0,0
1,100,0,0,0
0,200,0,0,0
1,100,0,0,0
0,200,0,0,0
0,100,0,0,0
1,200,0,0,0
1,100,0,0,0
0,200,0,0,0
1,100,0,0,0
0,200,0,0,0
1,100,4.1,430.76,0.04
0,200,4.06,437.78,-0.04
0,100,0,0,0
1,200,0,0,0
1,100,3.82,392.38,0.04
0,200,3.82,397.94,-0.04
0,100,0,0,0
1,200,0,0,0
0,100,0,0,0
1,200,0,0,0
1,100,0,0,0
0,200,0,0,0
0,100,0,0,0
1,200,0,0,0
0,100,0,0,0
1,200,0,0,0
0,100,4.66,441.88,-0.08
1,200,5.3,387.58,0.08
1,100,0,0,0
0,200,0,0,0
1,100,3.52,544.04,-0.78
0,200,4.02,322.28,0.78
0,100,0,0,0
1,200,0,0,0
1,100,0,0,0
0,200,0,0,0
1,100,0,0,0
0,200,0,0,0
1,100,0,0,0
0,200,0,0,0
0,100,0,0,0
1,200,0,0,0
1,100,0,0,0
0,200,0,0,0
0,100,0,0,0
1,200,0,0,0
1,100,0,0,0
0,200,0,0,0
0,100,0,0,0
1,200,0,0,0
0,100,3.86,331.14,-0.2
1,200,4.72,561.08,0.2
1,100,0,0,0
0,200,0,0,0
1,100,4.28,415.5,0
0,200,4.28,384.62,0
0,100,0,0,0
1,200,0,0,0
1,100,0,0,0
0,200,0,0,0
0,100,0,0,0
1,200,0,0,0
0,100,0,0,0
1,200,0,0,0
0,100,4.5,452.04,-0.54
1,200,4.42,389.06,0.54
1,100,0,0,0
0,200,0,0,0
0,100,0,0,0
1,200,0,0,0
0,100,0,0,0
1,200,0,0,0
1,100,0,0,0
0,200,0,0,0
1,100,0,0,0
0,200,0,0,0
0,100,0,0,0
1,200,0,0,0
1,100,0,0,0
0,200,0,0,0
1,100,0,0,0
0,200,0,0,0
1,100,0,0,0
0,200,0,0,0
0,100,0,0,0
1,200,0,0,0
1,100,0,0,0
0,200,0,0,0
1,100,4.5,555.9,0.16
0,200,3.98,297.16,-0.16
0,100,0,0,0
1,200,0,0,0
1,100,0,0,0
0,200,0,0,0
1,100,2.8,448.4,-0.62
0,200,4.42,444,0.62
1,100,0,0,0
0,200,0,0,0
0,100,0,0,0
1,200,0,0,0
1,100,0,0,0
0,200,0,0,0
1,100,0,0,0
0,200,0,0,0
0,100,0,0,0
1,200,0,0,0
0,100,0,0,0
1,200,0,0,0
0,100,0,0,0
1,200,0,0,0
0,100,5.44,477.78,1.9
1,200,3.54,376.72,-1.9
0,100,0,0,0
1,200,0,0,0
0,100,0,0,0
1,200,0,0,0
1,100,4.66,469.54,0.14
0,200,4.94,443.6,-0.14
1,100,0,0,0
0,200,0,0,0
1,100,0,0,0
0,200,0,0,0
1,100,0,0,0
0,200,0,0,0
1,100,0,0,0
0,200,0,0,0
0,100,4,510.84,0.1
1,200,3.9,459,-0.1
0,100,0,0,0
1,200,0,0,0
0,100,3.44,392.68,-0.4
1,200,4.56,412.48,0.4
0,100,0,0,0
1,200,0,0,0
1,100,0,0,0
0,200,0,0,0
0,100,0,0,0
1,200,0,0,0
1,100,3.04,403.8,-0.86
0,200,4.66,431.78,0.86
1,100,0,0,0
0,200,0,0,0
0,100,0,0,0
1,200,0,0,0
1,100,0,0,0
0,200,0,0,0
0,100,0,0,0
1,200,0,0,0
1,100,0,0,0
0,200,0,0,0
1,100,3.04,396.32,-0.56
0,200,3.78,509.36,0.56
0,100,0,0,0
1,200,0,0,0
0,100,0,0,0
1,200,0,0,0
1,100,0,0,0
0,200,0,0,0
1,100,0,0,0
0,200,0,0,0
1,100,0,0,0
0,200,0,0,0
1,100,0,0,0
0,200,0,0,0
1,100,0,0,0
0,200,0,0,0
0,100,0,0,0
1,200,0,0,0
1,100,0,0,0
0,200,0,0,0
0,100,0,0,0
1,200,0,0,0
1,100,0,0,0
0,200,0,0,0
0,100,0,0,0
1,200,0,0,0
1,100,0,0,0
0,200,0,0,0
0,100,4.42,411.2,0.56
1,200,3.86,455.62,-0.56
0,100,0,0,0
1,200,0,0,0
1,100,0,0,0
0,200,0,0,0
1,100,0,0,0
0,200,0,0,0
1,100,0,0,0
0,200,0,0,0
1,100,0,0,0
0,200,0,0,0
1,100,0,0,0
0,200,0,0,0
0,100,0,0,0
1,200,0,0,0
0,100,4.12,406.88,-0.34
1,200,4.26,426.52,0.34
1,100,0,0,0
0,200,0,0,0
0,100,0,0,0
1,200,0,0,0
1,100,0,0,0
0,200,0,0,0
0,100,0,0,0
1,200,0,0,0
0,100,0,0,0
1,200,0,0,0
1,100,0,0,0
0,200,0,0,0
1,100,0,0,0
0,200,0,0,0
1,100,0,0,0
0,200,0,0,0
0,100,0,0,0
1,200,0,0,0
1,100,0,0,0
0,200,0,0,0
0,100,2.64,298.32,-0.36
1,200,3.68,408.86,0.36
1,100,0,0,0
0,200,0,0,0
1,100,0,0,0
0,200,0,0,0
0,100,0,0,0
1,200,0,0,0
0,100,0,0,0
1,200,0,0,0
0,100,0,0,0
1,200,0,0,0
1,100,0,0,0
0,200,0,0,0
1,100,0,0,0
0,200,0,0,0
0,100,3.52,361.06,0.12
1,200,2.94,500.38,-0.12
0,100,0,0,0
1,200,0,0,0
1,100,0,0,0
0,200,0,0,0
1,100,0,0,0
0,200,0,0,0
1,100,0,0,0
0,200,0,0,0
1,100,0,0,0
0,200,0,0,0
1,100,4.14,401.1,-0.44
0,200,4.58,410.28,0.44
1,100,0,0,0
0,200,0,0,0
1,100,0,0,0
0,200,0,0,0
1,100,0,0,0
0,200,0,0,0
1,100,0,0,0
0,200,0,0,0
0,100,0,0,0
1,200,0,0,0
0,100,0,0,0
1,200,0,0,0
0,100,0,0,0
1,200,0,0,0
0,100,0,0,0
1,200,0,0,0
0,100,0,0,0
1,200,0,0,0
1,100,0,0,0
0,200,0,0,0
0,100,0,0,0
1,200,0,0,0
0,100,3.58,425.92,-0.78
1,200,3.98,431.98,0.78
1,100,0,0,0
0,200,0,0,0
0,100,0,0,0
1,200,0,0,0
1,100,0,0,0
0,200,0,0,0
1,100,4.6,443.64,-0.76
0,200,5.36,374.9,0.76
1,100,0,0,0
0,200,0,0,0
1,100,0,0,0
0,200,0,0,0
1,100,0,0,0
0,200,0,0,0
1,100,0,0,0
0,200,0,0,0
1,100,0,0,0
0,200,0,0,0
1,100,0,0,0
0,200,0,0,0
1,100,4.3,483.8,0.58
0,200,3.72,415.16,-0.58
1,100,4.74,476.56,0.04
0,200,4.72,387.34,-0.04
1,100,0,0,0
0,200,0,0,0
0,100,0,0,0
1,200,0,0,0
0,100,4.34,366.42,0.98
1,200,3.36,412.16,-0.98
0,100,3.4,319.64,-0.9
1,200,4.3,472.9,0.9
1,100,0,0,0
0,200,0,0,0
1,100,0,0,0
0,200,0,0,0
1,100,0,0,0
0,200,0,0,0
0,100,0,0,0
1,200,0,0,0
0,100,0,0,0
1,200,0,0,0
0,100,0,0,0
1,200,0,0,0
1,100,0,0,0
0,200,0,0,0
1,100,0,0,0
0,200,0,0,0
1,100,0,0,0
0,200,0,0,0
0,100,0,0,0
1,200,0,0,0
1,100,0,0,0
0,200,0,0,0
1,100,0,0,0
0,200,0,0,0
1,100,0,0,0
0,200,0,0,0
1,100,0,0,0
0,200,0,0,0
1,100,0,0,0
0,200,0,0,0
0,100,4.38,359.44,0.02
1,200,4.36,338.4,-0.02
0,100,0,0,0
1,200,0,0,0
0,100,0,0,0
1,200,0,0,0
0,100,0,0,0
1,200,0,0,0
1,100,0,0,0
0,200,0,0,0
0,100,0,0,0
1,200,0,0,0
1,100,3.66,380.22,-0.56
0,200,4.22,431.38,0.56
0,100,0,0,0
1,200,0,0,0
0,100,5.3,362.34,0.36
1,200,4.94,348.52,-0.36
0,100,0,0,0
1,200,0,0,0
0,100,4.46,457.96,0.28
1,200,4.94,407.56,-0.28
1,100,0,0,0
0,200,0,0,0
0,100,0,0,0
1,200,0,0,0
1,100,5.62,403.32,0.6
0,200,5.02,413.76,-0.6
0,100,0,0,0
1,200,0,0,0
0,100,0,0,0
1,200,0,0,0
0,100,0,0,0
1,200,0,0,0
0,100,0,0,0
1,200,0,0,0
1,100,0,0,0
0,200,0,0,0
0,100,0,0,0
1,200,0,0,0
1,100,0,0,0
0,200,0,0,0
1,100,0,0,0
0,200,0,0,0
0,100,4.74,353.74,0
1,200,5.34,460.64,0
0,100,0,0,0
1,200,0,0,0
1,100,2.68,407.56,-0.22
0,200,2.96,388.48,0.22
0,100,0,0,0
1,200,0,0,0
1,100,4.64,471.52,0.16
0,200,4.3,350.76,-0.16
1,100,0,0,0
0,200,0,0,0
0,100,3.96,326.4,0.94
1,200,3.62,500.72,-0.94
0,100,0,0,0
1,200,0,0,0
1,100,0,0,0
0,200,0,0,0
1,100,0,0,0
0,200,0,0,0
0,100,0,0,0
1,200,0,0,0
0,100,0,0,0
1,200,0,0,0
0,100,0,0,0
1,200,0,0,0
1,100,3.34,370.54,0.06
0,200,3.28,411.8,-0.06
0,100,0,0,0
1,200,0,0,0
1,100,0,0,0
0,200,0,0,0
0,100,0,0,0
1,200,0,0,0
0,100,0,0,0
1,200,0,0,0
0,100,0,0,0
1,200,0,0,0
1,100,0,0,0
0,200,0,0,0
0,100,4.36,466.2,-0.12
1,200,4.7,453.44,0.12
0,100,0,0,0
1,200,0,0,0
0,100,3.1,323.36,0.14
1,200,3.74,415.9,-0.14
0,100,3.26,332.3,0
1,200,3.96,500.26,0
1,100,4.3,483.8,0.58
0,200,3.72,415.16,-0.58
1,100,4.58,373.82,-0.3
0,200,4.52,402.2,0.3
1,100,0,0,0
0,200,0,0,0
1,100,0,0,0
0,200,0,0,0
1,100,0,0,0
0,200,0,0,0
0,100,4.18,426.18,0.44
1,200,3.74,383.72,-0.44
1,100,0,0,0
0,200,0,0,0
0,100,0,0,0
1,200,0,0,0
0,100,4.42,430.4,0.66
1,200,3.88,448.82,-0.66
0,100,4.76,397.08,0.62
1,200,4.14,474.94,-0.62
0,100,0,0,0
1,200,0,0,0
1,100,2.78,450.02,-1.3
0,200,4.08,445.64,1.3
0,100,0,0,0
1,200,0,0,0
0,100,0,0,0
1,200,0,0,0
1,100,0,0,0
0,200,0,0,0
1,100,0,0,0
0,200,0,0,0
0,100,0,0,0
1,200,0,0,0
1,100,0,0,0
0,200,0,0,0
0,100,5.34,329.86,0
1,200,4.58,459.3,0
1,100,0,0,0
0,200,0,0,0
1,100,0,0,0
0,200,0,0,0
1,100,0,0,0
0,200,0,0,0
1,100,0,0,0
0,200,0,0,0
0,100,0,0,0
1,200,0,0,0
0,100,3.18,409.64,0.52
1,200,2.66,379.18,-0.52
0,100,0,0,0
1,200,0,0,0
0,100,0,0,0
1,200,0,0,0
0,100,0,0,0
1,200,0,0,0
1,100,0,0,0
0,200,0,0,0
0,100,0,0,0
1,200,0,0,0
0,100,0,0,0
1,200,0,0,0
0,100,0,0,0
1,200,0,0,0
1,100,0,0,0
0,200,0,0,0
1,100,3.2,452.68,-0.02
0,200,3.22,384.04,0.02
1,100,0,0,0
0,200,0,0,0
1,100,4.22,408.12,0.78
0,200,3.3,486.06,-0.78
0,100,3.86,396.34,0.04
1,200,2.88,454.58,-0.04
0,100,0,0,0
1,200,0,0,0
1,100,0,0,0
0,200,0,0,0
0,100,5.12,387.16,0.94
1,200,3.8,354.1,-0.94
0,100,0,0,0
1,200,0,0,0
1,100,0,0,0
0,200,0,0,0
1,100,4.42,513.64,0.06
0,200,4.36,387.02,-0.06
0,100,0,0,0
1,200,0,0,0
0,100,0,0,0
1,200,0,0,0
0,100,0,0,0
1,200,0,0,0
1,100,3.5,437.24,0.98
0,200,2.72,486.34,-0.98
1,100,3.86,393.84,0.18
0,200,3.68,367.6,-0.18
0,100,3.08,374.34,-0.38
1,200,3.46,441.02,0.38
0,100,0,0,0
1,200,0,0,0
1,100,0,0,0
0,200,0,0,0
0,100,0,0,0
1,200,0,0,0
1,100,3.64,445.52,0
0,200,4.8,330.9,0
1,100,4.52,437.12,0.02
0,200,4.5,320.44,-0.02
0,100,4.16,407.04,0.4
1,200,3.76,455.2,-0.4
0,100,0,0,0
1,200,0,0,0
0,100,0,0,0
1,200,0,0,0
0,100,0,0,0
1,200,0,0,0
0,100,5.28,435.8,0.64
1,200,4.64,465.14,-0.64
1,100,0,0,0
0,200,0,0,0
0,100,4.96,370.04,1.04
1,200,3.92,417.9,-1.04
0,100,0,0,0
1,200,0,0,0
0,100,0,0,0
1,200,0,0,0
0,100,0,0,0
1,200,0,0,0
0,100,3.88,456.1,0.3
1,200,3.58,427.76,-0.3
1,100,0,0,0
0,200,0,0,0
0,100,0,0,0
1,200,0,0,0
1,100,0,0,0
0,200,0,0,0
0,100,3.28,401.28,0.16
1,200,3.78,545.64,-0.16
0,100,0,0,0
1,200,0,0,0
1,100,4.5,541.2,0.7
0,200,4.16,349.38,-0.7
0,100,0,0,0
1,200,0,0,0
0,100,0,0,0
1,200,0,0,0
0,100,3.8,367.98,0.28
1,200,3.52,382.2,-0.28
1,100,0,0,0
0,200,0,0,0
0,100,4.16,489.82,0
1,200,3.64,432.1,0
0,100,0,0,0
1,200,0,0,0
0,100,0,0,0
1,200,0,0,0
0,100,0,0,0
1,200,0,0,0
1,100,0,0,0
0,200,0,0,0
1,100,0,0,0
0,200,0,0,0
1,100,0,0,0
0,200,0,0,0
0,100,0,0,0
1,200,0,0,0
1,100,0,0,0
0,200,0,0,0
1,100,0,0,0
0,200,0,0,0
0,100,0,0,0
1,200,0,0,0
1,100,0,0,0
0,200,0,0,0
0,100,0,0,0
1,200,0,0,0
1,100,0,0,0
0,200,0,0,0
1,100,0,0,0
0,200,0,0,0
0,100,0,0,0
1,200,0,0,0
0,100,4.32,374.42,0.26
1,200,3.58,346.4,-0.26
0,100,0,0,0
1,200,0,0,0
0,100,0,0,0
1,200,0,0,0
0,100,4.22,393.38,0.56
1,200,4.3,494.4,-0.56
1,100,0,0,0
0,200,0,0,0
1,100,0,0,0
0,200,0,0,0
1,100,0,0,0
0,200,0,0,0
1,100,3.92,346.62,0.44
0,200,3.48,404.06,-0.44
1,100,3.9,397.2,0.14
0,200,3.76,462.98,-0.14
1,100,0,0,0
0,200,0,0,0
1,100,0,0,0
0,200,0,0,0
0,100,4.22,332.4,0
1,200,4.1,410.42,0
0,100,4.28,424.5,0.96
1,200,3.32,357.62,-0.96
0,100,0,0,0
1,200,0,0,0
0,100,0,0,0
1,200,0,0,0
0,100,0,0,0
1,200,0,0,0
1,100,3.76,374.12,-0.84
0,200,4.6,444.82,0.84
1,100,0,0,0
0,200,0,0,0
1,100,3.96,430.86,-0.1
0,200,4.22,329.96,0.1
1,100,0,0,0
0,200,0,0,0
1,100,0,0,0
0,200,0,0,0
1,100,0,0,0
0,200,0,0,0
1,100,0,0,0
0,200,0,0,0
0,100,0,0,0
1,200,0,0,0
1,100,4.14,435.4,-0.16
0,200,4.3,468.28,0.16
0,100,0,0,0
1,200,0,0,0
1,100,0,0,0
0,200,0,0,0
1,100,0,0,0
0,200,0,0,0
0,100,0,0,0
1,200,0,0,0
1,100,0,0,0
0,200,0,0,0
1,100,0,0,0
0,200,0,0,0
1,100,3.8,456.38,-0.68
0,200,4.48,332.72,0.68
0,100,0,0,0
1,200,0,0,0
0,100,0,0,0
1,200,0,0,0
1,100,0,0,0
0,200,0,0,0
0,100,3.1,404.48,0.12
1,200,3.24,446.2,-0.12
0,100,0,0,0
1,200,0,0,0
0,100,0,0,0
1,200,0,0,0
1,100,0,0,0
0,200,0,0,0
0,100,0,0,0
1,200,0,0,0
0,100,0,0,0
1,200,0,0,0
0,100,0,0,0
1,200,0,0,0
1,100,0,0,0
0,200,0,0,0
1,100,3.92,454.78,-1.08
0,200,5,423.6,1.08
1,100,0,0,0
0,200,0,0,0
1,100,0,0,0
0,200,0,0,0
0,100,0,0,0
1,200,0,0,0
0,100,0,0,0
1,200,0,0,0
1,100,0,0,0
0,200,0,0,0
0,100,4.16,405.98,0.44
1,200,3.72,449.52,-0.44
0,100,5.9,333.34,1.68
1,200,4.76,475.74,-1.68
0,100,0,0,0
1,200,0,0,0
1,100,0,0,0
0,200,0,0,0
0,100,0,0,0
1,200,0,0,0
0,100,0,0,0
1,200,0,0,0
1,100,0,0,0
0,200,0,0,0
1,100,0,0,0
0,200,0,0,0
1,100,3.48,332.3,-0.56
0,200,4.04,360.32,0.56
1,100,0,0,0
0,200,0,0,0
0,100,0,0,0
1,200,0,0,0
1,100,0,0,0
0,200,0,0,0
1,100,0,0,0
0,200,0,0,0
1,100,0,0,0
0,200,0,0,0
1,100,0,0,0
0,200,0,0,0
1,100,3.84,478.16,-0.24
0,200,3.32,353.26,0.24
0,100,0,0,0
1,200,0,0,0
0,100,0,0,0
1,200,0,0,0
0,100,3.6,478.94,-0.28
1,200,4.26,443.12,0.28
1,100,0,0,0
0,200,0,0,0
0,100,0,0,0
1,200,0,0,0
0,100,0,0,0
1,200,0,0,0
0,100,0,0,0
1,200,0,0,0
0,100,0,0,0
1,200,0,0,0
1,100,3.14,453.36,-0.24
0,200,3.26,325.8,0.24
0,100,0,0,0
1,200,0,0,0
0,100,0,0,0
1,200,0,0,0
1,100,0,0,0
0,200,0,0,0
1,100,5.7,467.48,-0.16
0,200,4.76,385.92,0.16
0,100,0,0,0
1,200,0,0,0
1,100,0,0,0
0,200,0,0,0
1,100,0,0,0
0,200,0,0,0
1,100,0,0,0
0,200,0,0,0
0,100,0,0,0
1,200,0,0,0
1,100,0,0,0
0,200,0,0,0
0,100,0,0,0
1,200,0,0,0
1,100,0,0,0
0,200,0,0,0
0,100,0,0,0
1,200,0,0,0
0,100,0,0,0
1,200,0,0,0
0,100,0,0,0
1,200,0,0,0
1,100,0,0,0
0,200,0,0,0
1,100,0,0,0
0,200,0,0,0
1,100,0,0,0
0,200,0,0,0
1,100,0,0,0
0,200,0,0,0
0,100,0,0,0
1,200,0,0,0
0,100,0,0,0
1,200,0,0,0
1,100,0,0,0
0,200,0,0,0
0,100,0,0,0
1,200,0,0,0
1,100,0,0,0
0,200,0,0,0
1,100,0,0,0
0,200,0,0,0
1,100,0,0,0
0,200,0,0,0
0,100,0,0,0
1,200,0,0,0
1,100,0,0,0
0,200,0,0,0
0,100,0,0,0
1,200,0,0,0
1,100,0,0,0
0,200,0,0,0
1,100,0,0,0
0,200,0,0,0
1,100,3.34,471.76,0.16
0,200,3.4,355.12,-0.16
0,100,5.22,391,0.48
1,200,4.74,493.44,-0.48
1,100,0,0,0
0,200,0,0,0
0,100,0,0,0
1,200,0,0,0
0,100,0,0,0
1,200,0,0,0
0,100,0,0,0
1,200,0,0,0
1,100,0,0,0
0,200,0,0,0
1,100,3.44,452.72,0.18
0,200,3.26,376.44,-0.18
1,100,3.62,373.74,-1.48
0,200,4.74,498.24,1.48
1,100,0,0,0
0,200,0,0,0
1,100,0,0,0
0,200,0,0,0
1,100,0,0,0
0,200,0,0,0
0,100,0,0,0
1,200,0,0,0
1,100,0,0,0
0,200,0,0,0
0,100,0,0,0
1,200,0,0,0
0,100,0,0,0
1,200,0,0,0
1,100,0,0,0
0,200,0,0,0
1,100,0,0,0
0,200,0,0,0
1,100,2.06,441.1,-1.04
0,200,3.1,354.46,1.04
1,100,0,0,0
0,200,0,0,0
1,100,4.98,442.76,0.76
0,200,4.22,327.14,-0.76
0,100,0,0,0
1,200,0,0,0
0,100,0,0,0
1,200,0,0,0
0,100,0,0,0
1,200,0,0,0
1,100,0,0,0
0,200,0,0,0
0,100,0,0,0
1,200,0,0,0
1,100,0,0,0
0,200,0,0,0
0,100,0,0,0
1,200,0,0,0
0,100,0,0,0
1,200,0,0,0
1,100,0,0,0
0,200,0,0,0
0,100,4.06,616.02,0.66
1,200,3.24,562.6,-0.66
1,100,0,0,0
0,200,0,0,0
1,100,0,0,0
0,200,0,0,0
1,100,0,0,0
0,200,0,0,0
1,100,4.52,462.5,0.2
0,200,4.32,380.14,-0.2
1,100,3.98,407.88,1.52
0,200,3.3,426.28,-1.52
1,100,0,0,0
0,200,0,0,0
1,100,0,0,0
0,200,0,0,0
1,100,0,0,0
0,200,0,0,0
1,100,0,0,0
0,200,0,0,0
1,100,0,0,0
0,200,0,0,0
1,100,2.98,450.74,0
0,200,3.04,357.98,0
0,100,0,0,0
1,200,0,0,0
0,100,0,0,0
1,200,0,0,0
0,100,0,0,0
1,200,0,0,0
0,100,0,0,0
1,200,0,0,0
1,100,3.58,428.92,0.34
0,200,3.76,366.7,-0.34
1,100,0,0,0
0,200,0,0,0
0,100,0,0,0
1,200,0,0,0
0,100,0,0,0
1,200,0,0,0
0,100,0,0,0
1,200,0,0,0
0,100,4.36,422.3,-0.14
1,200,3.18,388.2,0.14
1,100,0,0,0
0,200,0,0,0
1,100,0,0,0
0,200,0,0,0
0,100,0,0,0
1,200,0,0,0
1,100,0,0,0
0,200,0,0,0
0,100,0,0,0
1,200,0,0,0
0,100,0,0,0
1,200,0,0,0
0,100,3.88,410.7,0.62
1,200,3.26,436.7,-0.62
1,100,0,0,0
0,200,0,0,0
0,100,0,0,0
1,200,0,0,0
1,100,0,0,0
0,200,0,0,0
0,100,0,0,0
1,200,0,0,0
1,100,0,0,0
0,200,0,0,0
1,100,0,0,0
0,200,0,0,0
1,100,0,0,0
0,200,0,0,0
1,100,0,0,0
0,200,0,0,0
0,100,0,0,0
1,200,0,0,0
1,100,0,0,0
0,200,0,0,0
1,100,0,0,0
0,200,0,0,0
0,100,0,0,0
1,200,0,0,0
0,100,0,0,0
1,200,0,0,0
0,100,4.44,360.48,-0.02
1,200,3.64,444.1,0.02
0,100,0,0,0
1,200,0,0,0
0,100,4.28,367.88,0.96
1,200,4.26,459.82,-0.96
1,100,0,0,0
0,200,0,0,0
0,100,0,0,0
1,200,0,0,0
0,100,0,0,0
1,200,0,0,0
1,100,3.08,489.26,-0.44
0,200,3.52,402.4,0.44
1,100,0,0,0
0,200,0,0,0
1,100,5.32,457.04,-0.18
0,200,4.28,356.9,0.18
0,100,0,0,0
1,200,0,0,0
1,100,3.96,414,1.02
0,200,2.92,384.76,-1.02
0,100,0,0,0
1,200,0,0,0
1,100,0,0,0
0,200,0,0,0
0,100,0,0,0
1,200,0,0,0
1,100,0,0,0
0,200,0,0,0
0,100,3.48,399.38,-1.22
1,200,3.64,396.08,1.22
0,100,0,0,0
1,200,0,0,0
1,100,4.1,431.12,-0.82
0,200,4.92,347.66,0.82
0,100,4.38,347.1,0.04
1,200,4.34,469.38,-0.04
1,100,4.66,388.88,0.4
0,200,4.04,395.7,-0.4
0,100,0,0,0
1,200,0,0,0
0,100,3.6,395.28,-0.4
1,200,4.68,442.02,0.4
0,100,0,0,0
1,200,0,0,0
1,100,0,0,0
0,200,0,0,0
1,100,3.94,471.9,-0.52
0,200,3.68,310.06,0.52
0,100,0,0,0
1,200,0,0,0
0,100,0,0,0
1,200,0,0,0
0,100,0,0,0
1,200,0,0,0
0,100,4.68,407.96,0.32
1,200,4.18,487.42,-0.32
1,100,0,0,0
0,200,0,0,0
1,100,0,0,0
0,200,0,0,0
1,100,3.96,451.68,0.78
0,200,2.66,411.42,-0.78
1,100,0,0,0
0,200,0,0,0
1,100,0,0,0
0,200,0,0,0
0,100,0,0,0
1,200,0,0,0
1,100,0,0,0
0,200,0,0,0
0,100,0,0,0
1,200,0,0,0
0,100,0,0,0
1,200,0,0,0
0,100,3.96,403.86,0.9
1,200,5.24,382.36,-0.9
0,100,0,0,0
1,200,0,0,0
0,100,0,0,0
1,200,0,0,0
1,100,4.32,492.8,0.46
0,200,3.86,410.22,-0.46
1,100,0,0,0
0,200,0,0,0
0,100,0,0,0
1,200,0,0,0
1,100,0,0,0
0,200,0,0,0
0,100,0,0,0
1,200,0,0,0
0,100,0,0,0
1,200,0,0,0
0,100,3.54,360.72,-0.32
1,200,3.86,479.9,0.32
0,100,0,0,0
1,200,0,0,0
0,100,0,0,0
1,200,0,0,0
0,100,0,0,0
1,200,0,0,0
1,100,0,0,0
0,200,0,0,0
0,100,0,0,0
1,200,0,0,0
0,100,5.14,458.92,1.1
1,200,4.04,482.2,-1.1
0,100,0,0,0
1,200,0,0,0
0,100,0,0,0
1,200,0,0,0
1,100,0,0,0
0,200,0,0,0
0,100,0,0,0
1,200,0,0,0
1,100,0,0,0
0,200,0,0,0
0,100,0,0,0
1,200,0,0,0
0,100,3.32,401.1,0.84
1,200,4.38,585.12,-0.84
0,100,4.16,464.52,-0.06
1,200,3.52,361.02,0.06
0,100,4.68,375.44,0.72
1,200,4.08,386.54,-0.72
0,100,0,0,0
1,200,0,0,0
1,100,0,0,0
0,200,0,0,0
1,100,0,0,0
0,200,0,0,0
1,100,0,0,0
0,200,0,0,0
0,100,0,0,0
1,200,0,0,0
1,100,0,0,0
0,200,0,0,0
1,100,0,0,0
0,200,0,0,0
0,100,2.56,412.86,-1.4
1,200,3.96,391.98,1.4
1,100,0,0,0
0,200,0,0,0
0,100,0,0,0
1,200,0,0,0
0,100,0,0,0
1,200,0,0,0
1,100,0,0,0
0,200,0,0,0
1,100,0,0,0
0,200,0,0,0
0,100,0,0,0
1,200,0,0,0
0,100,0,0,0
1,200,0,0,0
1,100,0,0,0
0,200,0,0,0
0,100,0,0,0
1,200,0,0,0
0,100,3.08,334.52,0.16
1,200,2.92,433.98,-0.16
1,100,0,0,0
0,200,0,0,0
1,100,0,0,0
0,200,0,0,0
1,100,0,0,0
0,200,0,0,0
1,100,2.76,428.54,-0.62
0,200,4.62,424.9,0.62
1,100,0,0,0
0,200,0,0,0
1,100,0,0,0
0,200,0,0,0
0,100,0,0,0
1,200,0,0,0
1,100,0,0,0
0,200,0,0,0
0,100,0,0,0
1,200,0,0,0
0,100,0,0,0
1,200,0,0,0
1,100,0,0,0
0,200,0,0,0
0,100,0,0,0
1,200,0,0,0
1,100,0,0,0
0,200,0,0,0
1,100,3.2,452.68,-0.02
0,200,3.22,384.04,0.02
1,100,5.04,470.82,0.54
0,200,4.5,354.4,-0.54
0,100,0,0,0
1,200,0,0,0
1,100,0,0,0
0,200,0,0,0
1,100,0,0,0
0,200,0,0,0
1,100,0,0,0
0,200,0,0,0
0,100,0,0,0
1,200,0,0,0
1,100,0,0,0
0,200,0,0,0
0,100,0,0,0
1,200,0,0,0
1,100,0,0,0
0,200,0,0,0
0,100,0,0,0
1,200,0,0,0
0,100,4.62,367.88,0
1,200,4.24,409.1,0
0,100,0,0,0
1,200,0,0,0
1,100,0,0,0
0,200,0,0,0
0,100,2.74,349.46,-0.64
1,200,3.2,481.04,0.64
1,100,0,0,0
0,200,0,0,0
1,100,0,0,0
0,200,0,0,0
1,100,2.58,378.04,-1.04
0,200,3.72,376.1,1.04
0,100,0,0,0
1,200,0,0,0
1,100,0,0,0
0,200,0,0,0
1,100,4.22,402.58,0
0,200,4.38,411.32,0
1,100,0,0,0
0,200,0,0,0
1,100,0,0,0
0,200,0,0,0
1,100,0,0,0
0,200,0,0,0
1,100,0,0,0
0,200,0,0,0
1,100,0,0,0
0,200,0,0,0
1,100,0,0,0
0,200,0,0,0
1,100,0,0,0
0,200,0,0,0
0,100,0,0,0
1,200,0,0,0
0,100,0,0,0
1,200,0,0,0
1,100,0,0,0
0,200,0,0,0
1,100,0,0,0
0,200,0,0,0
1,100,0,0,0
0,200,0,0,0
0,100,0,0,0
1,200,0,0,0
1,100,0,0,0
0,200,0,0,0
0,100,0,0,0
1,200,0,0,0
0,100,0,0,0
1,200,0,0,0
0,100,3.22,335.24,-0.1
1,200,4.34,454.26,0.1
1,100,2.72,435.62,0.12
0,200,2.6,454.6,-0.12
0,100,0,0,0
1,200,0,0,0
1,100,0,0,0
0,200,0,0,0
0,100,0,0,0
1,200,0,0,0
1,100,0,0,0
0,200,0,0,0
0,100,0,0,0
1,200,0,0,0
0,100,0,0,0
1,200,0,0,0
0,100,3.58,393.6,-1.28
1,200,4.86,421.34,1.28
1,100,3.76,462.18,-0.32
0,200,4.08,452.62,0.32
1,100,0,0,0
0,200,0,0,0
1,100,0,0,0
0,200,0,0,0
1,100,0,0,0
0,200,0,0,0
0,100,0,0,0
1,200,0,0,0
0,100,0,0,0
1,200,0,0,0
0,100,0,0,0
1,200,0,0,0
0,100,0,0,0
1,200,0,0,0
0,100,0,0,0
1,200,0,0,0
0,100,3.2,419.86,0.28
1,200,3.56,459.82,-0.28
1,100,0,0,0
0,200,0,0,0
0,100,0,0,0
1,200,0,0,0
1,100,0,0,0
0,200,0,0,0
0,100,3.06,405.96,0.76
1,200,2.3,505.12,-0.76
0,100,2.74,444.78,0.38
1,200,2.36,437.68,-0.38
0,100,0,0,0
1,200,0,0,0
0,100,0,0,0
1,200,0,0,0
1,100,4.04,454.36,-0.46
0,200,4.5,312.6,0.46
1,100,0,0,0
0,200,0,0,0
0,100,0,0,0
1,200,0,0,0
0,100,4.02,395.78,0.24
1,200,5.08,430.98,-0.24
1,100,0,0,0
0,200,0,0,0
0,100,0,0,0
1,200,0,0,0
0,100,0,0,0
1,200,0,0,0
1,100,2.74,429.74,0.2
0,200,2.54,335.6,-0.2
1,100,0,0,0
0,200,0,0,0
1,100,0,0,0
0,200,0,0,0
1,100,0,0,0
0,200,0,0,0
0,100,5.16,402.04,1.22
1,200,3.94,449.58,-1.22
1,100,0,0,0
0,200,0,0,0
0,100,0,0,0
1,200,0,0,0
0,100,0,0,0
1,200,0,0,0
0,100,0,0,0
1,200,0,0,0
0,100,0,0,0
1,200,0,0,0
0,100,0,0,0
1,200,0,0,0
1,100,0,0,0
0,200,0,0,0
0,100,3.4,389.02,0.24
1,200,3.16,380.72,-0.24
0,100,5.12,427.42,0
1,200,5.3,322.06,0
0,100,0,0,0
1,200,0,0,0
1,100,0,0,0
0,200,0,0,0
1,100,3.48,418.02,-0.56
0,200,3.72,464.24,0.56
0,100,0,0,0
1,200,0,0,0
1,100,0,0,0
0,200,0,0,0
1,100,0,0,0
0,200,0,0,0
0,100,0,0,0
1,200,0,0,0
0,100,4.12,379.26,0.18
1,200,3.94,454.82,-0.18
0,100,0,0,0
1,200,0,0,0
1,100,3.94,459,-0.22
0,200,4.16,319.68,0.22
1,100,0,0,0
0,200,0,0,0
0,100,0,0,0
1,200,0,0,0
1,100,3.8,337.04,-0.78
0,200,4.58,436.24,0.78
0,100,0,0,0
1,200,0,0,0
0,100,0,0,0
1,200,0,0,0
1,100,3.62,477.84,0.84
0,200,2.78,333.74,-0.84
0,100,0,0,0
1,200,0,0,0
1,100,0,0,0
0,200,0,0,0
0,100,0,0,0
1,200,0,0,0
1,100,2.62,473.16,0.02
0,200,2.6,363.06,-0.02
0,100,0,0,0
1,200,0,0,0
1,100,0,0,0
0,200,0,0,0
0,100,0,0,0
1,200,0,0,0
1,100,3.2,411.28,-0.42
0,200,4.52,399.96,0.42
0,100,0,0,0
1,200,0,0,0
0,100,0,0,0
1,200,0,0,0
1,100,0,0,0
0,200,0,0,0
1,100,0,0,0
0,200,0,0,0
1,100,0,0,0
0,200,0,0,0
0,100,0,0,0
1,200,0,0,0
0,100,4.74,353.74,0
1,200,5.34,460.64,0
0,100,3.54,376.84,-0.18
1,200,3.42,392.06,0.18
0,100,0,0,0
1,200,0,0,0
0,100,0,0,0
1,200,0,0,0
1,100,3.38,445.5,-0.12
0,200,3.5,404.48,0.12
0,100,0,0,0
1,200,0,0,0
0,100,0,0,0
1,200,0,0,0
1,100,0,0,0
0,200,0,0,0
0,100,0,0,0
1,200,0,0,0
0,100,0,0,0
1,200,0,0,0
0,100,0,0,0
1,200,0,0,0
1,100,3.38,537.26,-0.26
0,200,3.64,389.68,0.26
0,100,3.62,393.2,0
1,200,4.36,495.62,0
0,100,0,0,0
1,200,0,0,0
1,100,0,0,0
0,200,0,0,0
1,100,0,0,0
0,200,0,0,0
0,100,0,0,0
1,200,0,0,0
1,100,0,0,0
0,200,0,0,0
1,100,0,0,0
0,200,0,0,0
1,100,0,0,0
0,200,0,0,0
0,100,0,0,0
1,200,0,0,0
1,100,0,0,0
0,200,0,0,0
0,100,0,0,0
1,200,0,0,0
1,100,0,0,0
0,200,0,0,0
0,100,0,0,0
1,200,0,0,0
0,100,0,0,0
1,200,0,0,0
0,100,3.9,356.36,-1.06
1,200,4.96,463.32,1.06
1,100,0,0,0
0,200,0,0,0
0,100,3,320.16,-0.8
1,200,3.8,475.26,0.8
1,100,0,0,0
0,200,0,0,0
1,100,0,0,0
0,200,0,0,0
0,100,0,0,0
1,200,0,0,0
1,100,0,0,0
0,200,0,0,0
1,100,0,0,0
0,200,0,0,0
1,100,0,0,0
0,200,0,0,0
1,100,0,0,0
0,200,0,0,0
0,100,0,0,0
1,200,0,0,0
0,100,3.62,367.12,-0.08
1,200,4.36,502.08,0.08
0,100,0,0,0
1,200,0,0,0
0,100,0,0,0
1,200,0,0,0
0,100,0,0,0
1,200,0,0,0
0,100,0,0,0
1,200,0,0,0
0,100,0,0,0
1,200,0,0,0
1,100,0,0,0
0,200,0,0,0
0,100,4.42,390.5,-0.28
1,200,4.7,470.04,0.28
0,100,0,0,0
1,200,0,0,0
0,100,0,0,0
1,200,0,0,0
1,100,0,0,0
0,200,0,0,0
1,100,0,0,0
0,200,0,0,0
1,100,0,0,0
0,200,0,0,0
1,100,0,0,0
0,200,0,0,0
0,100,0,0,0
1,200,0,0,0
1,100,4.56,490.26,0.7
0,200,4.44,403.38,-0.7
0,100,0,0,0
1,200,0,0,0
0,100,0,0,0
1,200,0,0,0
0,100,0,0,0
1,200,0,0,0
0,100,3.58,384.32,-0.14
1,200,3.6,453.08,0.14
0,100,0,0,0
1,200,0,0,0
0,100,0,0,0
1,200,0,0,0
1,100,3.22,420.78,0.16
0,200,2.6,458.62,-0.16
0,100,0,0,0
1,200,0,0,0
0,100,0,0,0
1,200,0,0,0
1,100,0,0,0
0,200,0,0,0
0,100,0,0,0
1,200,0,0,0
1,100,0,0,0
0,200,0,0,0
1,100,0,0,0
0,200,0,0,0
1,100,4.12,447.02,0.08
0,200,3.74,444.42,-0.08
0,100,3.32,401.1,0.84
1,200,4.38,585.12,-0.84
0,100,4.16,464.52,-0.06
1,200,3.52,361.02,0.06
1,100,0,0,0
0,200,0,0,0
0,100,4.86,429.42,1.28
1,200,3.58,536.46,-1.28
1,100,0,0,0
0,200,0,0,0
0,100,0,0,0
1,200,0,0,0
0,100,0,0,0
1,200,0,0,0
1,100,0,0,0
0,200,0,0,0
1,100,0,0,0
0,200,0,0,0
0,100,0,0,0
1,200,0,0,0
0,100,2.56,412.86,-1.4
1,200,3.96,391.98,1.4
1,100,0,0,0
0,200,0,0,0
0,100,0,0,0
1,200,0,0,0
1,100,0,0,0
0,200,0,0,0
1,100,0,0,0
0,200,0,0,0
1,100,0,0,0
0,200,0,0,0
0,100,3.96,469,0
1,200,4.98,451.84,0
0,100,4.58,501.86,-0.16
1,200,4.74,353,0.16
0,100,0,0,0
1,200,0,0,0
0,100,0,0,0
1,200,0,0,0
0,100,0,0,0
1,200,0,0,0
1,100,0,0,0
0,200,0,0,0
1,100,0,0,0
0,200,0,0,0
1,100,0,0,0
0,200,0,0,0
0,100,0,0,0
1,200,0,0,0
1,100,0,0,0
0,200,0,0,0
0,100,0,0,0
1,200,0,0,0
1,100,4.52,361.78,-0.52
0,200,4.78,404.36,0.52
0,100,5.42,355.08,0.54
1,200,5.48,456.5,-0.54
0,100,0,0,0
1,200,0,0,0
1,100,0,0,0
0,200,0,0,0
1,100,0,0,0
0,200,0,0,0
1,100,3.38,437.54,0.54
0,200,3.4,357.26,-0.54
1,100,0,0,0
0,200,0,0,0
0,100,4.74,445.42,1.06
1,200,3.68,459.78,-1.06
1,100,0,0,0
0,200,0,0,0
0,100,0,0,0
1,200,0,0,0
1,100,0,0,0
0,200,0,0,0
1,100,4.38,470.6,0
0,200,3.66,397.82,0
0,100,0,0,0
1,200,0,0,0
1,100,0,0,0
0,200,0,0,0
1,100,0,0,0
0,200,0,0,0
1,100,0,0,0
0,200,0,0,0
0,100,0,0,0
1,200,0,0,0
0,100,0,0,0
1,200,0,0,0
1,100,0,0,0
0,200,0,0,0
1,100,3,477.56,-0.1
0,200,2.82,353.92,0.1
0,100,0,0,0
1,200,0,0,0
1,100,0,0,0
0,200,0,0,0
1,100,0,0,0
0,200,0,0,0
1,100,4.38,423.64,-0.18
0,200,4.04,364.36,0.18
1,100,0,0,0
0,200,0,0,0
1,100,0,0,0
0,200,0,0,0
1,100,3.36,465.36,-0.16
0,200,3.18,413.44,0.16
0,100,0,0,0
1,200,0,0,0
0,100,0,0,0
1,200,0,0,0
1,100,0,0,0
0,200,0,0,0
1,100,5,435.96,0.34
0,200,5.76,394.3,-0.34
1,100,0,0,0
0,200,0,0,0
0,100,4.96,422.2,0.9
1,200,4.08,510.8,-0.9
1,100,0,0,0
0,200,0,0,0
0,100,0,0,0
1,200,0,0,0
1,100,0,0,0
0,200,0,0,0
1,100,0,0,0
0,200,0,0,0
1,100,0,0,0
0,200,0,0,0
0,100,0,0,0
1,200,0,0,0
0,100,0,0,0
1,200,0,0,0
0,100,0,0,0
1,200,0,0,0
1,100,0,0,0
0,200,0,0,0
1,100,0,0,0
0,200,0,0,0
0,100,0,0,0
1,200,0,0,0
0,100,0,0,0
1,200,0,0,0
1,100,4.44,462.74,0.1
0,200,3.96,314.1,-0.1
0,100,0,0,0
1,200,0,0,0
1,100,0,0,0
0,200,0,0,0
0,100,0,0,0
1,200,0,0,0
1,100,0,0,0
0,200,0,0,0
0,100,0,0,0
1,200,0,0,0
1,100,0,0,0
0,200,0,0,0
0,100,0,0,0
1,200,0,0,0
1,100,0,0,0
0,200,0,0,0
0,100,0,0,0
1,200,0,0,0
0,100,0,0,0
1,200,0,0,0
1,100,0,0,0
0,200,0,0,0
0,100,4.16,388.34,0
1,200,4.5,367.68,0
1,100,0,0,0
0,200,0,0,0
0,100,0,0,0
1,200,0,0,0
0,100,4.02,320,0.54
1,200,4.3,438.48,-0.54
0,100,5.08,346.08,0.5
1,200,4.58,403.38,-0.5
0,100,0,0,0
1,200,0,0,0
1,100,0,0,0
0,200,0,0,0
1,100,0,0,0
0,200,0,0,0
1,100,0,0,0
0,200,0,0,0
1,100,4.12,449.66,0.52
0,200,4.16,320.18,-0.52
1,100,3.58,492.2,-0.58
0,200,3.96,359.68,0.58
1,100,3.48,371.78,0.28
0,200,3.62,310.64,-0.28
0,100,0,0,0
1,200,0,0,0
0,100,0,0,0
1,200,0,0,0
1,100,0,0,0
0,200,0,0,0
1,100,0,0,0
0,200,0,0,0
1,100,0,0,0
0,200,0,0,0
1,100,0,0,0
0,200,0,0,0
1,100,0,0,0
0,200,0,0,0
1,100,0,0,0
0,200,0,0,0
0,100,0,0,0
1,200,0,0,0
1,100,0,0,0
0,200,0,0,0
0,100,0,0,0
1,200,0,0,0
0,100,0,0,0
1,200,0,0,0
1,100,0,0,0
0,200,0,0,0
1,100,0,0,0
0,200,0,0,0
1,100,0,0,0
0,200,0,0,0
1,100,0,0,0
0,200,0,0,0
1,100,4.38,459.4,0.16
0,200,3.98,318.66,-0.16
0,100,0,0,0
1,200,0,0,0
1,100,0,0,0
0,200,0,0,0
0,100,0,0,0
1,200,0,0,0
1,100,0,0,0
0,200,0,0,0
1,100,0,0,0
0,200,0,0,0
1,100,0,0,0
0,200,0,0,0
0,100,0,0,0
1,200,0,0,0
0,100,3.58,394.96,0.1
1,200,3.48,447.56,-0.1
1,100,0,0,0
0,200,0,0,0
1,100,0,0,0
0,200,0,0,0
0,100,0,0,0
1,200,0,0,0
1,100,0,0,0
0,200,0,0,0
1,100,0,0,0
0,200,0,0,0
1,100,0,0,0
0,200,0,0,0
0,100,0,0,0
1,200,0,0,0
0,100,0,0,0
1,200,0,0,0
1,100,0,0,0
0,200,0,0,0
1,100,0,0,0
0,200,0,0,0
1,100,0,0,0
0,200,0,0,0
1,100,0,0,0
0,200,0,0,0
1,100,0,0,0
0,200,0,0,0
0,100,0,0,0
1,200,0,0,0
0,100,0,0,0
1,200,0,0,0
1,100,0,0,0
0,200,0,0,0
1,100,0,0,0
0,200,0,0,0
1,100,0,0,0
0,200,0,0,0
1,100,3.08,528.28,0
0,200,2.9,319.86,0
1,100,0,0,0
0,200,0,0,0
0,100,0,0,0
1,200,0,0,0
1,100,0,0,0
0,200,0,0,0
1,100,0,0,0
0,200,0,0,0
0,100,0,0,0
1,200,0,0,0
1,100,0,0,0
0,200,0,0,0
0,100,0,0,0
1,200,0,0,0
0,100,0,0,0
1,200,0,0,0
0,100,4.96,419.82,-1.84
1,200,5.32,421.42,1.84
1,100,0,0,0
0,200,0,0,0
1,100,0,0,0
0,200,0,0,0
0,100,0,0,0
1,200,0,0,0
1,100,0,0,0
0,200,0,0,0
0,100,0,0,0
1,200,0,0,0
1,100,0,0,0
0,200,0,0,0
0,100,0,0,0
1,200,0,0,0
1,100,0,0,0
0,200,0,0,0
0,100,0,0,0
1,200,0,0,0
1,100,0,0,0
0,200,0,0,0
1,100,0,0,0
0,200,0,0,0
0,100,0,0,0
1,200,0,0,0
0,100,0,0,0
1,200,0,0,0
1,100,0,0,0
0,200,0,0,0
1,100,0,0,0
0,200,0,0,0
1,100,0,0,0
0,200,0,0,0
1,100,0,0,0
0,200,0,0,0
1,100,0,0,0
0,200,0,0,0
1,100,0,0,0
0,200,0,0,0
0,100,0,0,0
1,200,0,0,0
1,100,0,0,0
0,200,0,0,0
0,100,0,0,0
1,200,0,0,0
0,100,0,0,0
1,200,0,0,0
1,100,0,0,0
0,200,0,0,0
0,100,0,0,0
1,200,0,0,0
1,100,0,0,0
0,200,0,0,0
1,100,0,0,0
0,200,0,0,0
0,100,0,0,0
1,200,0,0,0
1,100,0,0,0
0,200,0,0,0
1,100,0,0,0
0,200,0,0,0
0,100,0,0,0
1,200,0,0,0
1,100,0,0,0
0,200,0,0,0
0,100,0,0,0
1,200,0,0,0
1,100,0,0,0
0,200,0,0,0
0,100,0,0,0
1,200,0,0,0
0,100,3.74,440.68,-0.88
1,200,4.62,369.44,0.88
0,100,0,0,0
1,200,0,0,0
0,100,0,0,0
1,200,0,0,0
0,100,0,0,0
1,200,0,0,0
1,100,0,0,0
0,200,0,0,0
1,100,0,0,0
0,200,0,0,0
1,100,0,0,0
0,200,0,0,0
1,100,0,0,0
0,200,0,0,0
0,100,3.42,430.5,1.24
1,200,2.54,447.1,-1.24
1,100,0,0,0
0,200,0,0,0
1,100,0,0,0
0,200,0,0,0
0,100,0,0,0
1,200,0,0,0
0,100,0,0,0
1,200,0,0,0
1,100,0,0,0
0,200,0,0,0
1,100,0,0,0
0,200,0,0,0
0,100,0,0,0
1,200,0,0,0
1,100,3.68,356.12,0.36
0,200,3.3,315,-0.36
0,100,0,0,0
1,200,0,0,0
1,100,4.02,353.54,0.54
0,200,4.54,347,-0.54
0,100,3.74,377.02,0.22
1,200,3.72,365.06,-0.22
0,100,0,0,0
1,200,0,0,0
0,100,0,0,0
1,200,0,0,0
1,100,3.7,449.8,-0.26
0,200,4.24,344.4,0.26
0,100,0,0,0
1,200,0,0,0
1,100,0,0,0
0,200,0,0,0
0,100,0,0,0
1,200,0,0,0
1,100,0,0,0
0,200,0,0,0
1,100,0,0,0
0,200,0,0,0
0,100,0,0,0
1,200,0,0,0
0,100,4.92,382.18,0.32
1,200,4.98,357.78,-0.32
1,100,0,0,0
0,200,0,0,0
1,100,0,0,0
0,200,0,0,0
0,100,0,0,0
1,200,0,0,0
1,100,0,0,0
0,200,0,0,0
1,100,4.22,408.12,0.78
0,200,3.3,486.06,-0.78
0,100,0,0,0
1,200,0,0,0
0,100,3.06,355.12,-0.54
1,200,3.6,495.18,0.54
0,100,0,0,0
1,200,0,0,0
1,100,0,0,0
0,200,0,0,0
1,100,0,0,0
0,200,0,0,0
0,100,0,0,0
1,200,0,0,0
1,100,0,0,0
0,200,0,0,0
1,100,0,0,0
0,200,0,0,0
1,100,0,0,0
0,200,0,0,0
0,100,0,0,0
1,200,0,0,0
0,100,0,0,0
1,200,0,0,0
1,100,0,0,0
0,200,0,0,0
0,100,3.88,349.36,-0.24
1,200,4.12,460.36,0.24
1,100,0,0,0
0,200,0,0,0
1,100,0,0,0
0,200,0,0,0
1,100,0,0,0
0,200,0,0,0
1,100,0,0,0
0,200,0,0,0
0,100,4.62,382.26,0.42
1,200,4.34,496.82,-0.42
1,100,0,0,0
0,200,0,0,0
0,100,3.58,384.32,-0.14
1,200,3.6,453.08,0.14
0,100,0,0,0
1,200,0,0,0
0,100,0,0,0
1,200,0,0,0
0,100,0,0,0
1,200,0,0,0
1,100,0,0,0
0,200,0,0,0
0,100,0,0,0
1,200,0,0,0
0,100,3.98,316.62,-0.66
1,200,4.08,421.92,0.66
1,100,0,0,0
0,200,0,0,0
1,100,0,0,0
0,200,0,0,0
1,100,0,0,0
0,200,0,0,0
1,100,0,0,0
0,200,0,0,0
0,100,5.74,442.96,0.78
1,200,5,346.16,-0.78
1,100,0,0,0
0,200,0,0,0
1,100,0,0,0
0,200,0,0,0
1,100,0,0,0
0,200,0,0,0
1,100,0,0,0
0,200,0,0,0
1,100,0,0,0
0,200,0,0,0
0,100,3.96,379.88,-0.14
1,200,3.7,538.78,0.14
0,100,0,0,0
1,200,0,0,0
1,100,4.94,504.82,0.4
0,200,5.32,331.7,-0.4
0,100,4.22,438.7,1.22
1,200,3,520.96,-1.22
0,100,0,0,0
1,200,0,0,0
1,100,0,0,0
0,200,0,0,0
0,100,0,0,0
1,200,0,0,0
1,100,0,0,0
0,200,0,0,0
1,100,0,0,0
0,200,0,0,0
0,100,0,0,0
1,200,0,0,0
0,100,3.94,329.74,0.22
1,200,3.72,445.46,-0.22
0,100,4.18,313.58,0.28
1,200,4.78,489.24,-0.28
1,100,4.14,389.04,0.3
0,200,3.84,307.08,-0.3
1,100,0,0,0
0,200,0,0,0
1,100,0,0,0
0,200,0,0,0
1,100,0,0,0
0,200,0,0,0
0,100,0,0,0
1,200,0,0,0
1,100,0,0,0
0,200,0,0,0
0,100,0,0,0
1,200,0,0,0
0,100,0,0,0
1,200,0,0,0
0,100,0,0,0
1,200,0,0,0
0,100,0,0,0
1,200,0,0,0
0,100,3.88,343.32,0.14
1,200,3.86,465.24,-0.14
0,100,0,0,0
1,200,0,0,0
1,100,0,0,0
0,200,0,0,0
1,100,0,0,0
0,200,0,0,0
1,100,4.04,336.56,-0.68
0,200,4.72,321.78,0.68
1,100,0,0,0
0,200,0,0,0
1,100,0,0,0
0,200,0,0,0
0,100,0,0,0
1,200,0,0,0
0,100,0,0,0
1,200,0,0,0
1,100,0,0,0
0,200,0,0,0
1,100,4.04,374.44,0.02
0,200,4.02,430.16,-0.02
0,100,0,0,0
1,200,0,0,0
0,100,4.38,387,0.66
1,200,3.72,507.6,-0.66
0,100,0,0,0
1,200,0,0,0
1,100,0,0,0
0,200,0,0,0
0,100,0,0,0
1,200,0,0,0
1,100,0,0,0
0,200,0,0,0
0,100,0,0,0
1,200,0,0,0
1,100,3.88,443.84,0.46
0,200,3.32,326.1,-0.46
1,100,3.98,427.18,0
0,200,3.14,298.14,0
1,100,0,0,0
0,200,0,0,0
1,100,0,0,0
0,200,0,0,0
1,100,0,0,0
0,200,0,0,0
1,100,0,0,0
0,200,0,0,0
0,100,4.36,329.74,0.44
1,200,3.66,476.36,-0.44
0,100,4.12,312.28,-1.02
1,200,5.14,420.6,1.02
1,100,0,0,0
0,200,0,0,0
0,100,0,0,0
1,200,0,0,0
1,100,0,0,0
0,200,0,0,0
0,100,0,0,0
1,200,0,0,0
0,100,3.92,426.04,-0.8
1,200,4,436.06,0.8
0,100,0,0,0
1,200,0,0,0
0,100,0,0,0
1,200,0,0,0
0,100,0,0,0
1,200,0,0,0
0,100,4.96,396.48,0.58
1,200,4.04,459.64,-0.58
0,100,0,0,0
1,200,0,0,0
1,100,3,366.22,-0.02
0,200,3.6,357.72,0.02
1,100,0,0,0
0,200,0,0,0
0,100,3.06,323.64,0.04
1,200,3.42,444.2,-0.04
1,100,0,0,0
0,200,0,0,0
0,100,0,0,0
1,200,0,0,0
1,100,0,0,0
0,200,0,0,0
1,100,0,0,0
0,200,0,0,0
1,100,0,0,0
0,200,0,0,0
1,100,0,0,0
0,200,0,0,0
0,100,0,0,0
1,200,0,0,0
1,100,0,0,0
0,200,0,0,0
0,100,0,0,0
1,200,0,0,0
1,100,4.1,475.54,-0.54
0,200,4.64,420.26,0.54
0,100,0,0,0
1,200,0,0,0
0,100,0,0,0
1,200,0,0,0
1,100,0,0,0
0,200,0,0,0
0,100,3.9,316.54,0.56
1,200,3.8,448.9,-0.56
1,100,0,0,0
0,200,0,0,0
1,100,0,0,0
0,200,0,0,0
1,100,0,0,0
0,200,0,0,0
0,100,0,0,0
1,200,0,0,0
1,100,3.46,369.14,-0.06
0,200,3.32,455.08,0.06
0,100,0,0,0
1,200,0,0,0
0,100,0,0,0
1,200,0,0,0
1,100,0,0,0
0,200,0,0,0
1,100,3.08,528.28,0
0,200,2.9,319.86,0
1,100,0,0,0
0,200,0,0,0
1,100,0,0,0
0,200,0,0,0
1,100,2.78,504.94,-0.84
0,200,3.62,343.84,0.84
0,100,0,0,0
1,200,0,0,0
0,100,0,0,0
1,200,0,0,0
0,100,0,0,0
1,200,0,0,0
1,100,0,0,0
0,200,0,0,0
0,100,4.58,396.62,0.78
1,200,3.8,473.48,-0.78
0,100,0,0,0
1,200,0,0,0
1,100,0,0,0
0,200,0,0,0
0,100,0,0,0
1,200,0,0,0
1,100,0,0,0
0,200,0,0,0
0,100,4.7,418.18,0
1,200,2.72,429.32,0
0,100,4.12,326.58,0.68
1,200,3.04,418.68,-0.68
0,100,0,0,0
1,200,0,0,0
1,100,0,0,0
0,200,0,0,0
0,100,0,0,0
1,200,0,0,0
0,100,0,0,0
1,200,0,0,0
0,100,5.2,403.12,0.98
1,200,4.22,477.62,-0.98
1,100,0,0,0
0,200,0,0,0
0,100,0,0,0
1,200,0,0,0
0,100,0,0,0
1,200,0,0,0
0,100,0,0,0
1,200,0,0,0
0,100,0,0,0
1,200,0,0,0
0,100,2.88,428.42,-0.08
1,200,3.68,363.98,0.08
0,100,0,0,0
1,200,0,0,0
1,100,0,0,0
0,200,0,0,0
0,100,0,0,0
1,200,0,0,0
0,100,0,0,0
1,200,0,0,0
0,100,0,0,0
1,200,0,0,0
1,100,0,0,0
0,200,0,0,0
0,100,0,0,0
1,200,0,0,0
1,100,0,0,0
0,200,0,0,0
0,100,0,0,0
1,200,0,0,0
0,100,0,0,0
1,200,0,0,0
0,100,0,0,0
1,200,0,0,0
1,100,4.06,418.7,0.76
0,200,3.02,455.94,-0.76
1,100,0,0,0
0,200,0,0,0
1,100,0,0,0
0,200,0,0,0
1,100,3.84,419.42,-0.62
0,200,4.46,469.32,0.62
0,100,4.12,393.6,-0.16
1,200,3.5,459.16,0.16
1,100,3.58,407.18,-0.04
0,200,3.62,419.7,0.04
1,100,2.6,407.78,-1.12
0,200,3.72,431.22,1.12
1,100,0,0,0
0,200,0,0,0
0,100,0,0,0
1,200,0,0,0
1,100,0,0,0
0,200,0,0,0
1,100,0,0,0
0,200,0,0,0
1,100,3.88,374.14,-0.2
0,200,4.08,413.5,0.2
0,100,0,0,0
1,200,0,0,0
1,100,0,0,0
0,200,0,0,0
0,100,0,0,0
1,200,0,0,0
1,100,0,0,0
0,200,0,0,0
1,100,3.48,332.3,-0.56
0,200,4.04,360.32,0.56
0,100,0,0,0
1,200,0,0,0
0,100,0,0,0
1,200,0,0,0
1,100,0,0,0
0,200,0,0,0
1,100,0,0,0
0,200,0,0,0
1,100,0,0,0
0,200,0,0,0
0,100,0,0,0
1,200,0,0,0
1,100,0,0,0
0,200,0,0,0
0,100,4.3,334.24,-2.04
1,200,5.5,401.44,2.04
1,100,0,0,0
0,200,0,0,0
1,100,0,0,0
0,200,0,0,0
1,100,0,0,0
0,200,0,0,0
0,100,0,0,0
1,200,0,0,0
0,100,0,0,0
1,200,0,0,0
0,100,0,0,0
1,200,0,0,0
0,100,0,0,0
1,200,0,0,0
0,100,0,0,0
1,200,0,0,0
0,100,0,0,0
1,200,0,0,0
0,100,0,0,0
1,200,0,0,0
1,100,0,0,0
0,200,0,0,0
1,100,0,0,0
0,200,0,0,0
1,100,0,0,0
0,200,0,0,0
1,100,0,0,0
0,200,0,0,0
1,100,0,0,0
0,200,0,0,0
1,100,0,0,0
0,200,0,0,0
0,100,4.64,392.1,-0.22
1,200,4.9,440.94,0.22
1,100,3.3,428.34,-0.92
0,200,4.46,397.52,0.92
0,100,0,0,0
1,200,0,0,0
0,100,0,0,0
1,200,0,0,0
1,100,0,0,0
0,200,0,0,0
1,100,3.5,412.96,0.46
0,200,3.04,397.56,-0.46
0,100,0,0,0
1,200,0,0,0
1,100,3.32,374.84,-0.78
0,200,4.28,387.6,0.78
0,100,0,0,0
1,200,0,0,0
0,100,0,0,0
1,200,0,0,0
0,100,0,0,0
1,200,0,0,0
0,100,0,0,0
1,200,0,0,0
1,100,0,0,0
0,200,0,0,0
0,100,0,0,0
1,200,0,0,0
0,100,0,0,0
1,200,0,0,0
1,100,0,0,0
0,200,0,0,0
1,100,0,0,0
0,200,0,0,0
1,100,0,0,0
0,200,0,0,0
1,100,3.34,370.54,0.06
0,200,3.28,411.8,-0.06
1,100,0,0,0
0,200,0,0,0
1,100,0,0,0
0,200,0,0,0
1,100,0,0,0
0,200,0,0,0
1,100,0,0,0
0,200,0,0,0
1,100,4.1,430.76,0.04
0,200,4.06,437.78,-0.04
0,100,0,0,0
1,200,0,0,0
0,100,0,0,0
1,200,0,0,0
0,100,0,0,0
1,200,0,0,0
0,100,0,0,0
1,200,0,0,0
0,100,0,0,0
1,200,0,0,0
0,100,0,0,0
1,200,0,0,0
1,100,0,0,0
0,200,0,0,0
1,100,0,0,0
0,200,0,0,0
1,100,0,0,0
0,200,0,0,0
0,100,0,0,0
1,200,0,0,0
1,100,0,0,0
0,200,0,0,0
1,100,0,0,0
0,200,0,0,0
1,100,3.32,431.48,1.14
0,200,2.18,377.28,-1.14
0,100,0,0,0
1,200,0,0,0
0,100,0,0,0
1,200,0,0,0
0,100,0,0,0
1,200,0,0,0
0,100,0,0,0
1,200,0,0,0
0,100,0,0,0
1,200,0,0,0
0,100,5.14,405.3,0.1
1,200,5.04,377.46,-0.1
0,100,0,0,0
1,200,0,0,0
0,100,0,0,0
1,200,0,0,0
1,100,3.9,428.56,-0.32
0,200,4.22,400.56,0.32
0,100,3.58,341.1,0.54
1,200,3.04,446.6,-0.54
0,100,0,0,0
1,200,0,0,0
0,100,0,0,0
1,200,0,0,0
0,100,4.62,422.38,-0.04
1,200,3.76,413.1,0.04
1,100,0,0,0
0,200,0,0,0
1,100,0,0,0
0,200,0,0,0
0,100,0,0,0
1,200,0,0,0
1,100,0,0,0
0,200,0,0,0
0,100,4.02,360.16,0.54
1,200,4.58,513.34,-0.54
1,100,0,0,0
0,200,0,0,0
1,100,0,0,0
0,200,0,0,0
1,100,0,0,0
0,200,0,0,0
0,100,0,0,0
1,200,0,0,0
0,100,0,0,0
1,200,0,0,0
1,100,0,0,0
0,200,0,0,0
0,100,0,0,0
1,200,0,0,0
1,100,0,0,0
0,200,0,0,0
0,100,0,0,0
1,200,0,0,0
1,100,0,0,0
0,200,0,0,0
0,100,3.88,456.1,0.3
1,200,3.58,427.76,-0.3
1,100,0,0,0
0,200,0,0,0
0,100,0,0,0
1,200,0,0,0
1,100,3.72,540.5,-0.2
0,200,3.92,392.8,0.2
1,100,3.58,507.96,0.62
0,200,3.54,430.36,-0.62
1,100,0,0,0
0,200,0,0,0
1,100,4.3,463.14,-0.2
0,200,4.24,421.42,0.2
0,100,0,0,0
1,200,0,0,0
1,100,0,0,0
0,200,0,0,0
1,100,0,0,0
0,200,0,0,0
0,100,4.82,368.96,0.24
1,200,4.64,444.66,-0.24
1,100,0,0,0
0,200,0,0,0
0,100,0,0,0
1,200,0,0,0
0,100,0,0,0
1,200,0,0,0
0,100,0,0,0
1,200,0,0,0
0,100,0,0,0
1,200,0,0,0
0,100,0,0,0
1,200,0,0,0
0,100,0,0,0
1,200,0,0,0
0,100,0,0,0
1,200,0,0,0
0,100,4.32,322.58,-0.9
1,200,5.22,453.36,0.9
0,100,2.34,354.52,-0.16
1,200,2.9,633.88,0.16
0,100,0,0,0
1,200,0,0,0
1,100,0,0,0
0,200,0,0,0
0,100,0,0,0
1,200,0,0,0
1,100,0,0,0
0,200,0,0,0
0,100,2.88,420.22,-0.34
1,200,3.04,365.78,0.34
1,100,0,0,0
0,200,0,0,0
0,100,0,0,0
1,200,0,0,0
0,100,0,0,0
1,200,0,0,0
1,100,0,0,0
0,200,0,0,0
0,100,0,0,0
1,200,0,0,0
1,100,0,0,0
0,200,0,0,0
0,100,3.12,376.28,-0.78
1,200,4.1,444.76,0.78
1,100,2.7,502.56,-1.1
0,200,3.8,361.86,1.1
1,100,0,0,0
0,200,0,0,0
0,100,0,0,0
1,200,0,0,0
0,100,3.54,400.66,0.42
1,200,3.34,470.28,-0.42
1,100,0,0,0
0,200,0,0,0
1,100,0,0,0
0,200,0,0,0
0,100,5.02,365.48,0.02
1,200,4.58,470.86,-0.02
0,100,0,0,0
1,200,0,0,0
1,100,0,0,0
0,200,0,0,0
1,100,0,0,0
0,200,0,0,0
1,100,0,0,0
0,200,0,0,0
0,100,0,0,0
1,200,0,0,0
0,100,0,0,0
1,200,0,0,0
1,100,0,0,0
0,200,0,0,0
0,100,0,0,0
1,200,0,0,0
0,100,0,0,0
1,200,0,0,0
1,100,0,0,0
0,200,0,0,0
1,100,0,0,0
0,200,0,0,0
1,100,0,0,0
0,200,0,0,0
0,100,0,0,0
1,200,0,0,0
0,100,0,0,0
1,200,0,0,0
1,100,0,0,0
0,200,0,0,0
0,100,0,0,0
1,200,0,0,0
1,100,0,0,0
0,200,0,0,0
1,100,0,0,0
0,200,0,0,0
0,100,0,0,0
1,200,0,0,0
1,100,0,0,0
0,200,0,0,0
0,100,0,0,0
1,200,0,0,0
0,100,0,0,0
1,200,0,0,0
1,100,0,0,0
0,200,0,0,0
0,100,0,0,0
1,200,0,0,0
0,100,3.76,379.78,0.32
1,200,3.44,410.8,-0.32
0,100,0,0,0
1,200,0,0,0
1,100,0,0,0
0,200,0,0,0
0,100,0,0,0
1,200,0,0,0
1,100,0,0,0
0,200,0,0,0
0,100,0,0,0
1,200,0,0,0
1,100,5,435.96,0.34
0,200,5.76,394.3,-0.34
0,100,0,0,0
1,200,0,0,0
1,100,0,0,0
0,200,0,0,0
1,100,0,0,0
0,200,0,0,0
1,100,0,0,0
0,200,0,0,0
1,100,3.78,452.22,-0.42
0,200,4.2,405.46,0.42
0,100,0,0,0
1,200,0,0,0
0,100,0,0,0
1,200,0,0,0
1,100,4.38,372.1,0.6
0,200,3.78,273.1,-0.6
1,100,4.6,376.54,0.24
0,200,4.7,373.72,-0.24
0,100,0,0,0
1,200,0,0,0
0,100,3.1,404.48,0.12
1,200,3.24,446.2,-0.12
0,100,4.56,292.5,-0.18
1,200,4.74,456.26,0.18
1,100,0,0,0
0,200,0,0,0
1,100,0,0,0
0,200,0,0,0
1,100,0,0,0
0,200,0,0,0
0,100,0,0,0
1,200,0,0,0
1,100,0,0,0
0,200,0,0,0
1,100,0,0,0
0,200,0,0,0
0,100,0,0,0
1,200,0,0,0
1,100,0,0,0
0,200,0,0,0
0,100,0,0,0
1,200,0,0,0
0,100,0,0,0
1,200,0,0,0
1,100,0,0,0
0,200,0,0,0
0,100,0,0,0
1,200,0,0,0
1,100,0,0,0
0,200,0,0,0
0,100,0,0,0
1,200,0,0,0
0,100,4.02,315.1,-0.66
1,200,4.68,495.82,0.66
0,100,0,0,0
1,200,0,0,0
1,100,0,0,0
0,200,0,0,0
0,100,3.66,429.9,-0.06
1,200,4.2,431.46,0.06
0,100,0,0,0
1,200,0,0,0
1,100,0,0,0
0,200,0,0,0
1,100,0,0,0
0,200,0,0,0
1,100,4.62,510.2,-0.12
0,200,4.74,379.12,0.12
0,100,0,0,0
1,200,0,0,0
1,100,0,0,0
0,200,0,0,0
1,100,0,0,0
0,200,0,0,0
0,100,0,0,0
1,200,0,0,0
1,100,0,0,0
0,200,0,0,0
1,100,0,0,0
0,200,0,0,0
1,100,0,0,0
0,200,0,0,0
1,100,3,430.68,-0.74
0,200,3.74,469.74,0.74
0,100,4.48,302.52,0.32
1,200,3.96,483.12,-0.32
0,100,0,0,0
1,200,0,0,0
0,100,0,0,0
1,200,0,0,0
1,100,0,0,0
0,200,0,0,0
0,100,0,0,0
1,200,0,0,0
0,100,0,0,0
1,200,0,0,0
0,100,0,0,0
1,200,0,0,0
0,100,0,0,0
1,200,0,0,0
0,100,4.74,368.4,0.18
1,200,4.56,484.68,-0.18
1,100,4.06,333.6,-0.52
0,200,4.76,350.04,0.52
1,100,0,0,0
0,200,0,0,0
1,100,0,0,0
0,200,0,0,0
1,100,0,0,0
0,200,0,0,0
0,100,0,0,0
1,200,0,0,0
1,100,0,0,0
0,200,0,0,0
0,100,0,0,0
1,200,0,0,0
1,100,0,0,0
0,200,0,0,0
1,100,0,0,0
0,200,0,0,0
0,100,0,0,0
1,200,0,0,0
0,100,0,0,0
1,200,0,0,0
0,100,0,0,0
1,200,0,0,0
0,100,0,0,0
1,200,0,0,0
1,100,0,0,0
0,200,0,0,0
0,100,0,0,0
1,200,0,0,0
0,100,0,0,0
1,200,0,0,0
1,100,0,0,0
0,200,0,0,0
1,100,3.18,354.8,-0.56
0,200,3.74,370.68,0.56
0,100,0,0,0
1,200,0,0,0
0,100,0,0,0
1,200,0,0,0
1,100,0,0,0
0,200,0,0,0
0,100,0,0,0
1,200,0,0,0
1,100,0,0,0
0,200,0,0,0
1,100,0,0,0
0,200,0,0,0
0,100,4.04,438.9,-0.18
1,200,3.8,465.64,0.18
1,100,0,0,0
0,200,0,0,0
1,100,0,0,0
0,200,0,0,0
1,100,4.24,508.88,0.78
0,200,3.46,350.88,-0.78
0,100,0,0,0
1,200,0,0,0
0,100,0,0,0
1,200,0,0,0
1,100,0,0,0
0,200,0,0,0
0,100,0,0,0
1,200,0,0,0
0,100,0,0,0
1,200,0,0,0
0,100,0,0,0
1,200,0,0,0
0,100,0,0,0
1,200,0,0,0
1,100,0,0,0
0,200,0,0,0
0,100,0,0,0
1,200,0,0,0
1,100,2.58,378.04,-1.04
0,200,3.72,376.1,1.04
1,100,0,0,0
0,200,0,0,0
1,100,0,0,0
0,200,0,0,0
1,100,0,0,0
0,200,0,0,0
0,100,0,0,0
1,200,0,0,0
1,100,0,0,0
0,200,0,0,0
1,100,0,0,0
0,200,0,0,0
0,100,0,0,0
1,200,0,0,0
1,100,3.62,462.22,0.04
0,200,4.52,371.24,-0.04
1,100,0,0,0
0,200,0,0,0
1,100,0,0,0
0,200,0,0,0
1,100,4.1,392.2,0.38
0,200,3.72,384.8,-0.38
0,100,0,0,0
1,200,0,0,0
0,100,4.66,384.76,0.2
1,200,4.28,432.26,-0.2
1,100,0,0,0
0,200,0,0,0
0,100,0,0,0
1,200,0,0,0
0,100,0,0,0
1,200,0,0,0
0,100,0,0,0
1,200,0,0,0
0,100,0,0,0
1,200,0,0,0
1,100,0,0,0
0,200,0,0,0
0,100,0,0,0
1,200,0,0,0
0,100,0,0,0
1,200,0,0,0
1,100,0,0,0
0,200,0,0,0
0,100,0,0,0
1,200,0,0,0
0,100,5.18,415.26,0.46
1,200,4.72,506.7,-0.46
1,100,0,0,0
0,200,0,0,0
0,100,0,0,0
1,200,0,0,0
1,100,0,0,0
0,200,0,0,0
0,100,2.56,350.86,-0.7
1,200,3.6,417.8,0.7
0,100,0,0,0
1,200,0,0,0
0,100,0,0,0
1,200,0,0,0
0,100,0,0,0
1,200,0,0,0
1,100,0,0,0
0,200,0,0,0
1,100,0,0,0
0,200,0,0,0
1,100,0,0,0
0,200,0,0,0
1,100,0,0,0
0,200,0,0,0
1,100,0,0,0
0,200,0,0,0
1,100,4.58,430.02,-0.52
0,200,5.1,402.96,0.52
1,100,3.42,350.36,-0.54
0,200,3.96,481.72,0.54
1,100,0,0,0
0,200,0,0,0
0,100,0,0,0
1,200,0,0,0
1,100,0,0,0
0,200,0,0,0
1,100,0,0,0
0,200,0,0,0
0,100,0,0,0
1,200,0,0,0
0,100,0,0,0
1,200,0,0,0
1,100,0,0,0
0,200,0,0,0
1,100,0,0,0
0,200,0,0,0
0,100,0,0,0
1,200,0,0,0
1,100,4.66,477.56,-0.7
0,200,4.92,371.98,0.7
0,100,0,0,0
1,200,0,0,0
1,100,0,0,0
0,200,0,0,0
0,100,0,0,0
1,200,0,0,0
1,100,4.28,434.28,-0.12
0,200,4.14,323.48,0.12
1,100,3.48,380.74,0.24
0,200,3.26,438.12,-0.24
0,100,0,0,0
1,200,0,0,0
0,100,0,0,0
1,200,0,0,0
1,100,3.68,458.02,-0.12
0,200,3.8,347.26,0.12
0,100,0,0,0
1,200,0,0,0
0,100,0,0,0
1,200,0,0,0
0,100,0,0,0
1,200,0,0,0
0,100,0,0,0
1,200,0,0,0
1,100,0,0,0
0,200,0,0,0
1,100,0,0,0
0,200,0,0,0
0,100,0,0,0
1,200,0,0,0
1,100,0,0,0
0,200,0,0,0
1,100,0,0,0
0,200,0,0,0
0,100,0,0,0
1,200,0,0,0
0,100,4,321.34,0.06
1,200,3.94,387.66,-0.06
0,100,0,0,0
1,200,0,0,0
0,100,0,0,0
1,200,0,0,0
0,100,0,0,0
1,200,0,0,0
0,100,0,0,0
1,200,0,0,0
1,100,0,0,0
0,200,0,0,0
1,100,0,0,0
0,200,0,0,0
1,100,0,0,0
0,200,0,0,0
0,100,0,0,0
1,200,0,0,0
0,100,0,0,0
1,200,0,0,0
1,100,3.66,455.48,0.24
0,200,4.04,411.98,-0.24
1,100,3.16,407.78,-0.88
0,200,4.98,380.88,0.88
1,100,0,0,0
0,200,0,0,0
1,100,2.74,340.58,-0.56
0,200,3.3,497,0.56
1,100,3.18,475.52,-0.44
0,200,3.62,396.32,0.44
0,100,0,0,0
1,200,0,0,0
0,100,0,0,0
1,200,0,0,0
0,100,0,0,0
1,200,0,0,0
0,100,0,0,0
1,200,0,0,0
1,100,0,0,0
0,200,0,0,0
0,100,2.88,391.88,0.14
1,200,2.74,574.7,-0.14
1,100,3.04,380.36,-1.6
0,200,4.64,393.04,1.6
1,100,3.76,460.48,0.14
0,200,4,414.74,-0.14
1,100,0,0,0
0,200,0,0,0
0,100,0,0,0
1,200,0,0,0
1,100,4.2,415.16,-0.1
0,200,4.3,389.8,0.1
1,100,0,0,0
0,200,0,0,0
