kills,deaths,assists,dragonKills,riftHeraldKills,baronKills,win,teamid
22,34,40,3,1,0,0,100
19,34,23,2,1,1,0,100
24,17,33,4,2,1,1,100
16,29,38,5,2,2,0,100
11,28,11,3,2,1,0,100
14,7,15,4,2,0,1,100
12,18,17,4,2,2,0,100
22,7,27,4,2,1,1,100
1,19,1,2,2,1,0,100
47,27,90,3,2,1,1,100
30,22,30,3,2,1,1,100
25,15,39,3,2,1,1,100
36,20,52,2,2,0,1,100
18,35,23,4,1,1,0,100
21,21,32,1,2,0,1,100
22,30,28,4,2,1,0,100
19,28,30,2,2,1,0,100
31,12,64,5,2,1,1,100
10,17,10,4,2,1,0,100
11,29,16,3,2,1,0,100
29,15,58,3,2,1,1,100
16,24,26,0,1,0,0,100
30,19,67,2,2,0,1,100
39,33,54,4,1,2,1,100
30,11,39,4,2,2,1,100
46,23,61,4,2,1,1,100
17,6,30,2,2,1,1,100
24,10,34,3,1,1,1,100
15,24,31,4,2,2,0,100
13,45,19,3,2,1,0,100
46,34,74,3,1,0,1,100
27,24,62,2,2,1,1,100
16,20,20,4,2,1,0,100
35,26,57,4,2,1,1,100
29,10,41,4,2,1,1,100
19,32,24,3,2,0,0,100
28,16,47,2,2,1,1,100
25,16,34,3,1,1,1,100
46,32,82,2,2,1,1,100
30,13,40,4,2,1,1,100
6,18,6,2,1,0,0,100
25,42,44,0,0,0,0,100
26,33,47,0,0,0,0,100
14,21,37,0,0,0,0,100
23,19,29,0,0,0,1,100
34,26,67,1,0,0,1,100
54,18,97,2,2,0,1,100
31,7,42,0,0,0,1,100
22,13,44,0,0,0,1,100
16,22,25,0,0,0,0,100
17,31,22,2,2,1,0,100
8,32,10,3,1,1,0,100
15,27,18,0,0,0,0,100
46,19,60,0,0,0,1,100
29,10,45,1,1,0,1,100
11,34,12,1,1,0,0,100
39,35,70,0,0,0,1,100
16,34,12,2,2,1,0,100
31,21,51,4,2,1,1,100
29,13,32,1,1,0,1,100
27,14,54,1,1,1,1,100
13,37,19,3,2,0,0,100
23,39,40,2,2,1,0,100
25,39,51,2,1,0,0,100
40,31,72,3,2,2,1,100
12,21,17,4,2,3,0,100
31,21,66,4,2,1,1,100
7,18,9,3,2,2,0,100
29,24,28,2,1,1,0,100
18,7,25,3,2,1,1,100
16,21,16,3,2,2,0,100
11,31,19,3,1,2,0,100
16,34,20,2,2,1,0,100
18,31,34,3,1,1,0,100
26,38,43,3,2,1,0,100
30,16,66,4,2,1,1,100
30,20,47,4,1,1,1,100
22,15,30,3,2,1,0,100
20,6,21,4,2,1,1,100
13,22,25,3,2,1,0,100
0,1,0,4,1,1,1,100
30,18,58,2,2,1,1,100
8,31,6,4,2,2,0,100
25,11,39,3,2,1,1,100
39,15,58,2,1,0,1,100
18,35,41,3,2,1,0,100
18,26,30,3,2,1,1,100
37,21,75,1,2,1,1,100
21,7,44,2,1,2,1,100
19,30,27,3,2,1,0,100
14,29,17,2,1,1,0,100
20,10,38,2,2,1,1,100
16,23,36,4,2,1,1,100
1,18,2,1,1,0,0,100
23,28,32,3,2,1,0,100
37,35,71,3,2,1,1,100
21,40,39,2,2,1,0,100
33,31,60,3,2,1,1,100
29,6,39,3,1,1,1,100
7,16,9,3,2,1,0,100
17,2,25,3,1,0,1,100
35,34,58,2,2,1,0,100
34,20,81,3,2,1,1,100
12,32,13,3,2,2,0,100
27,13,56,4,1,1,1,100
33,10,51,4,2,2,1,100
30,30,58,2,2,1,0,100
45,32,96,5,2,2,1,100
42,48,82,2,1,1,0,100
10,36,23,2,2,1,0,100
22,9,30,3,2,1,1,100
23,48,26,3,2,1,0,100
19,3,19,3,2,1,1,100
28,11,31,2,2,2,1,100
27,51,28,3,2,2,0,100
17,5,15,4,2,2,1,100
36,25,53,4,2,2,1,100
35,34,75,2,2,1,1,100
13,31,11,4,2,1,0,100
20,33,33,2,2,1,0,100
34,43,64,2,2,1,1,100
43,39,81,3,2,1,1,100
11,28,9,4,2,1,0,100
31,41,51,2,2,1,0,100
53,37,73,3,2,1,1,100
20,40,40,3,1,1,0,100
20,49,35,4,2,1,0,100
29,35,54,3,2,1,0,100
23,28,32,4,2,1,0,100
40,33,74,2,2,1,0,100
32,20,55,4,2,1,1,100
27,12,49,3,2,1,1,100
15,23,33,2,1,0,0,100
12,27,22,2,1,0,0,100
8,22,11,2,2,1,0,100
23,28,36,3,2,0,0,100
35,15,50,4,2,0,1,100
52,53,101,3,2,1,0,100
27,39,46,2,2,0,0,100
26,36,42,3,1,1,0,100
29,41,35,4,2,2,0,100
28,20,47,3,2,1,1,100
28,16,39,5,1,1,1,100
37,16,54,2,1,1,1,100
7,28,4,3,2,1,0,100
35,21,43,3,2,1,1,100
33,19,49,3,2,1,1,100
25,33,51,3,2,1,0,100
44,22,73,3,2,2,1,100
15,37,20,2,2,1,0,100
16,27,28,3,2,0,0,100
8,16,5,4,2,1,0,100
29,21,38,4,2,1,1,100
7,17,9,4,2,2,0,100
8,17,11,3,2,2,0,100
5,22,7,3,2,2,0,100
17,33,26,3,1,1,0,100
6,25,5,3,2,1,0,100
7,21,9,4,2,1,0,100
32,16,64,3,2,1,1,100
35,17,55,2,2,1,1,100
14,20,17,3,2,1,0,100
20,5,14,2,2,1,1,100
15,30,18,2,1,1,0,100
3,15,3,3,2,1,0,100
4,13,8,2,1,0,0,100
27,14,56,3,2,2,1,100
38,26,87,4,2,1,1,100
9,27,12,2,2,1,0,100
4,19,7,4,2,1,0,100
13,28,16,2,1,0,0,100
32,13,67,2,2,1,1,100
17,27,29,3,2,1,0,100
29,45,52,1,1,0,0,100
33,18,49,4,2,1,1,100
29,41,51,3,2,2,0,100
25,8,19,3,2,1,1,100
42,22,60,3,2,1,1,100
2,2,2,4,2,1,1,100
32,19,60,2,2,1,1,100
20,29,42,2,1,1,0,100
17,2,21,2,2,1,1,100
24,37,28,1,1,0,0,100
16,27,24,4,2,1,0,100
31,12,57,3,2,2,1,100
12,40,20,3,2,1,0,100
23,19,41,2,2,0,1,100
24,35,44,4,2,2,0,100
21,13,43,4,2,1,1,100
20,32,37,4,2,1,0,100
38,18,51,3,1,1,1,100
38,46,62,5,2,2,0,100
7,20,9,3,2,1,0,100
20,9,37,3,1,1,1,100
22,25,29,3,2,0,0,100
20,35,31,3,2,1,0,100
16,32,20,2,2,1,0,100
29,17,35,2,2,0,1,100
33,18,64,3,2,1,1,100
19,9,40,3,2,1,1,100
48,40,125,3,1,2,1,100
34,51,80,3,2,2,0,100
4,22,7,2,1,0,0,100
40,18,65,2,2,1,1,100
69,52,171,3,2,1,1,100
38,32,89,3,2,0,1,100
38,34,79,2,2,1,1,100
49,31,131,1,1,0,1,100
43,37,102,2,1,0,1,100
61,69,110,1,1,0,1,100
18,36,34,1,2,0,0,100
46,30,101,2,2,1,1,100
17,14,44,3,2,1,1,100
33,51,75,4,2,0,1,100
39,38,85,2,2,0,0,100
44,39,109,3,2,2,1,100
44,24,107,2,2,0,1,100
51,63,105,4,2,1,0,100
51,73,115,3,2,1,0,100
8,24,18,3,1,1,0,100
31,35,63,2,2,2,1,100
14,20,28,2,2,0,0,100
28,21,60,3,2,1,1,100
37,30,73,0,1,0,1,100
78,62,182,4,2,0,1,100
56,41,118,2,1,1,1,100
49,45,93,3,2,1,0,100
39,47,63,2,1,0,0,100
23,13,60,2,2,1,1,100
21,38,40,3,2,1,0,100
13,33,19,4,2,1,0,100
29,14,30,3,2,2,1,100
9,16,17,2,2,0,0,100
40,50,120,3,1,1,1,100
41,30,116,2,2,2,1,100
47,40,117,3,2,2,1,100
48,48,119,3,1,1,0,100
38,32,98,3,2,2,1,100
46,35,88,3,2,1,1,100
37,43,106,3,2,1,1,100
17,24,49,3,2,3,0,100
48,44,113,2,2,0,1,100
34,43,100,3,1,1,0,100
23,42,45,3,2,0,0,100
61,66,115,1,2,1,0,100
25,44,42,3,2,1,0,100
22,31,59,2,1,0,0,100
29,16,80,1,1,1,1,100
54,43,116,1,2,2,1,100
7,2,18,4,1,1,1,100
34,41,77,4,2,1,0,100
43,30,98,2,1,1,1,100
66,30,149,1,2,0,1,100
22,41,60,4,2,1,0,100
22,12,22,2,2,0,1,100
11,18,9,1,2,1,0,100
40,34,82,3,2,2,1,100
5,3,13,2,1,1,1,100
54,60,116,3,2,2,0,100
29,38,64,2,2,1,0,100
58,48,134,2,2,1,1,100
38,22,105,3,1,1,1,100
61,45,161,3,2,1,1,100
46,36,90,4,2,1,1,100
35,22,92,4,2,2,1,100
23,39,46,3,2,1,0,100
49,35,142,3,2,0,1,100
29,40,76,4,2,1,0,100
51,45,108,2,1,0,0,100
26,35,50,2,2,0,0,100
42,38,89,3,2,0,1,100
44,55,117,2,2,1,0,100
58,48,134,3,2,1,0,100
37,45,86,3,2,1,0,100
15,23,22,3,1,0,0,100
25,32,46,3,2,1,0,100
2,16,1,2,2,1,0,100
65,52,151,3,2,1,1,100
37,40,90,3,2,1,0,100
13,35,17,4,2,1,0,100
60,41,128,0,1,0,1,100
37,45,84,3,2,2,0,100
35,52,58,2,1,0,0,100
14,18,27,4,2,1,0,100
33,33,66,2,2,1,1,100
17,26,47,3,2,1,0,100
52,33,146,2,2,1,1,100
21,35,49,2,1,0,0,100
24,29,33,0,1,0,0,100
38,46,57,2,1,0,0,100
54,40,118,2,2,1,1,100
10,21,13,2,2,1,0,100
16,30,21,3,2,2,0,100
35,40,75,4,2,1,0,100
36,33,62,3,2,2,0,100
16,32,21,3,1,1,0,100
11,23,10,3,2,1,0,100
37,37,93,4,1,1,1,100
47,41,100,3,2,1,1,100
48,38,109,3,2,0,1,100
30,13,51,4,2,1,1,100
6,20,10,2,2,1,0,100
14,29,17,4,2,1,0,100
19,40,22,3,2,1,0,100
40,39,73,2,2,1,0,100
25,14,37,1,1,0,1,100
16,10,40,2,2,2,1,100
13,19,10,4,2,1,0,100
8,13,12,3,2,0,0,100
43,45,88,4,2,1,0,100
21,9,23,4,2,1,1,100
5,16,6,3,2,0,0,100
46,53,103,3,2,2,1,100
24,29,45,3,2,1,1,100
22,9,31,3,2,1,1,100
21,12,33,2,1,0,1,100
36,38,57,4,2,1,0,100
19,27,19,3,2,1,0,100
11,20,18,4,2,2,0,100
28,10,36,3,2,1,1,100
31,29,55,3,2,1,1,100
41,15,56,3,2,2,1,100
14,20,17,2,1,0,0,100
26,4,32,3,2,1,1,100
45,41,81,1,2,0,1,100
25,37,32,0,0,0,0,100
39,25,62,4,2,1,1,100
24,15,46,1,1,0,1,100
18,27,25,2,2,1,1,100
30,28,68,4,1,2,1,100
15,30,25,2,2,1,0,100
25,18,40,3,2,1,1,100
21,5,35,1,2,1,1,100
38,52,75,3,2,0,0,100
26,19,67,1,0,0,1,100
35,15,64,3,2,1,1,100
18,31,25,3,2,1,0,100
39,18,55,3,1,1,1,100
26,43,38,3,2,1,0,100
65,60,121,3,2,1,1,100
31,38,72,5,2,1,0,100
19,28,33,2,2,2,0,100
12,25,17,2,2,1,0,100
22,16,53,4,2,2,1,100
8,17,10,2,2,0,0,100
27,29,36,3,2,1,0,100
20,29,26,4,2,1,0,100
39,20,55,2,2,0,1,100
34,20,43,1,2,0,1,100
18,26,39,3,2,1,0,100
31,10,46,4,2,1,1,100
38,6,50,2,2,0,1,100
8,25,12,3,2,0,0,100
17,24,29,1,2,1,0,100
47,43,85,2,2,1,1,100
20,21,28,3,1,1,0,100
37,48,71,4,2,1,1,100
13,24,20,4,2,1,0,100
50,59,129,3,2,1,1,100
27,7,20,2,2,1,1,100
27,33,62,3,2,2,0,100
28,37,41,2,1,1,0,100
35,20,28,3,1,1,1,100
22,6,31,4,2,2,1,100
25,36,56,4,1,1,0,100
3,17,4,5,2,2,0,100
14,16,22,3,2,1,0,100
36,31,99,4,1,1,1,100
13,35,28,2,2,0,0,100
28,25,66,2,2,2,1,100
12,9,18,4,2,1,1,100
31,21,68,3,2,1,1,100
46,77,29,4,2,0,0,100
42,70,59,2,2,0,0,100
13,37,25,2,2,1,0,100
18,25,26,3,2,1,0,100
17,35,19,3,2,1,0,100
36,29,85,2,2,2,1,100
16,37,38,4,2,2,0,100
17,21,27,2,1,2,0,100
9,25,12,4,1,0,0,100
15,8,17,4,2,2,1,100
31,28,66,2,2,1,1,100
21,24,32,3,1,1,1,100
15,29,17,2,2,0,0,100
28,39,54,2,2,1,0,100
5,26,9,4,2,0,0,100
23,34,39,3,2,1,0,100
33,14,55,4,2,1,1,100
34,14,46,2,1,0,1,100
17,43,20,3,2,0,0,100
31,18,42,3,1,1,1,100
23,7,28,2,2,1,1,100
11,27,12,2,2,1,0,100
55,38,63,2,2,0,1,100
18,34,18,1,2,0,0,100
32,16,51,3,2,1,1,100
5,27,9,4,2,3,0,100
15,27,24,2,2,1,0,100
33,45,84,5,2,2,0,100
16,30,24,1,2,1,0,100
33,24,60,0,0,0,1,100
21,3,26,0,0,0,1,100
13,19,18,0,0,0,0,100
18,5,21,0,0,0,1,100
25,29,55,0,0,0,1,100
27,28,52,0,0,0,1,100
19,27,24,0,0,0,0,100
14,33,26,0,0,0,0,100
11,33,21,0,0,0,0,100
32,14,34,0,0,0,1,100
37,23,56,0,0,0,1,100
32,19,41,0,0,0,1,100
21,31,50,0,0,0,0,100
28,16,47,0,0,0,1,100
16,5,15,0,0,0,1,100
15,7,19,0,0,0,1,100
34,19,61,0,0,0,1,100
38,19,79,0,0,0,1,100
23,11,41,0,0,0,1,100
15,12,28,0,0,0,1,100
12,2,14,0,0,0,1,100
13,21,25,0,0,0,0,100
41,23,70,0,0,0,1,100
31,7,42,0,0,0,1,100
22,8,39,0,0,0,1,100
19,34,28,0,0,0,0,100
35,40,62,0,0,0,0,100
30,18,56,0,0,0,1,100
25,13,27,0,0,0,1,100
25,12,35,0,0,0,1,100
11,34,12,0,0,0,0,100
36,23,37,0,0,0,1,100
24,24,46,0,0,0,1,100
38,39,63,0,0,0,0,100
7,25,10,0,0,0,0,100
43,30,66,0,0,0,1,100
13,18,15,0,0,0,0,100
5,20,7,0,0,0,0,100
45,10,59,0,0,0,1,100
52,45,75,0,0,0,1,100
44,32,74,0,0,0,1,100
12,19,19,0,0,0,0,100
17,31,27,0,0,0,0,100
15,5,19,0,0,0,1,100
22,36,29,0,0,0,0,100
18,12,28,0,0,0,1,100
37,40,67,0,0,0,0,100
33,43,53,0,0,0,0,100
29,17,41,0,0,0,1,100
25,11,21,0,0,0,1,100
34,34,60,0,0,0,1,100
26,36,48,0,0,0,0,100
20,17,45,0,0,0,1,100
30,14,44,0,0,0,1,100
14,26,24,0,0,0,0,100
26,21,52,0,0,0,1,100
8,29,7,0,0,0,0,100
31,45,55,0,0,0,0,100
20,15,40,0,0,0,1,100
17,25,22,0,0,0,0,100
34,27,47,0,0,0,1,100
26,18,38,0,0,0,1,100
11,6,13,0,0,0,1,100
16,33,16,0,0,0,0,100
15,8,22,0,0,0,1,100
21,21,28,0,0,0,0,100
18,40,20,0,0,0,0,100
27,31,35,0,0,0,0,100
13,22,18,0,0,0,0,100
9,30,10,0,0,0,0,100
26,41,47,0,0,0,0,100
38,36,68,0,0,0,0,100
19,30,32,0,0,0,0,100
25,20,46,0,0,0,1,100
16,25,20,0,0,0,0,100
27,9,28,0,0,0,1,100
29,25,43,0,0,0,0,100
15,39,18,0,0,0,0,100
39,31,88,0,0,0,1,100
37,11,39,0,0,0,1,100
32,29,60,0,0,0,0,100
24,17,56,0,0,0,1,100
25,13,37,0,0,0,1,100
19,7,21,0,0,0,1,100
18,8,34,0,0,0,1,100
22,6,36,0,0,0,1,100
24,6,31,0,0,0,1,100
26,5,36,0,0,0,1,100
27,16,31,0,0,0,1,100
32,40,61,0,0,0,0,100
9,24,11,0,0,0,0,100
4,3,3,0,0,0,0,100
24,15,29,0,0,0,1,100
15,20,12,0,0,0,0,100
23,17,34,0,0,0,1,100
20,5,25,0,0,0,1,100
27,19,41,0,0,0,1,100
16,30,20,0,0,0,0,100
32,21,61,0,0,0,1,100
26,33,54,0,0,0,0,100
27,33,53,0,0,0,0,100
27,39,49,0,0,0,0,100
16,38,22,0,0,0,0,100
22,48,35,0,0,0,0,100
21,20,35,0,0,0,0,100
6,13,6,0,0,0,0,100
34,26,67,0,0,0,1,100
9,33,12,0,0,0,0,100
36,15,36,0,0,0,1,100
40,27,72,0,0,0,1,100
36,15,35,0,0,0,1,100
32,18,33,0,0,0,1,100
40,20,62,0,0,0,1,100
11,26,14,0,0,0,0,100
1,0,0,0,0,0,1,100
24,12,24,0,0,0,1,100
40,40,70,0,0,0,1,100
25,39,51,0,0,0,0,100
39,21,69,0,0,0,1,100
9,19,11,0,0,0,0,100
9,21,14,0,0,0,0,100
47,26,95,0,0,0,1,100
24,52,39,0,0,0,0,100
14,29,20,0,0,0,0,100
22,32,31,0,0,0,0,100
50,43,108,0,0,0,1,100
48,29,100,0,0,0,1,100
23,34,36,0,0,0,0,100
30,19,40,0,0,0,1,100
25,16,23,0,0,0,1,100
54,45,113,0,0,0,1,100
26,39,42,0,0,0,0,100
39,32,64,0,0,0,1,100
19,43,33,0,0,0,0,100
42,16,76,0,0,0,1,100
44,62,109,0,0,0,0,100
38,43,56,0,0,0,0,100
30,15,52,0,0,0,1,100
40,23,68,0,0,0,1,100
19,24,27,0,0,0,0,100
18,7,18,0,0,0,1,100
15,30,22,0,0,0,0,100
15,23,25,0,0,0,0,100
37,39,82,0,0,0,0,100
52,52,137,0,0,0,1,100
15,27,38,0,0,0,0,100
9,28,10,0,0,0,0,100
42,23,67,0,0,0,1,100
44,32,73,0,0,0,1,100
17,34,23,0,0,0,0,100
36,22,67,0,0,0,1,100
48,34,73,0,0,0,1,100
23,11,40,0,0,0,1,100
9,40,18,0,0,0,0,100
33,17,69,0,0,0,1,100
46,22,90,0,0,0,1,100
30,28,41,0,0,0,0,100
21,16,28,0,0,0,1,100
44,29,81,0,0,0,1,100
34,19,80,0,0,0,1,100
5,23,5,0,0,0,0,100
23,9,31,0,0,0,1,100
25,11,58,0,0,0,1,100
7,38,8,0,0,0,0,100
15,24,24,0,0,0,0,100
30,39,41,0,0,0,0,100
29,41,40,0,0,0,0,100
23,40,33,0,0,0,0,100
16,25,15,0,0,0,0,100
41,30,66,0,0,0,1,100
30,19,52,0,0,0,1,100
39,20,55,0,0,0,1,100
34,20,43,0,0,0,1,100
21,12,32,0,0,0,1,100
33,25,55,0,0,0,0,100
6,22,7,0,0,0,0,100
38,41,53,0,0,0,0,100
7,10,8,0,0,0,0,100
32,16,42,0,0,0,1,100
27,50,30,0,0,0,0,100
31,33,50,0,0,0,1,100
30,16,39,0,0,0,1,100
25,33,48,0,0,0,0,100
19,9,27,0,0,0,1,100
8,23,8,0,0,0,0,100
32,19,68,0,0,0,1,100
31,37,64,0,0,0,1,100
7,14,2,0,0,0,0,100
22,54,28,0,0,0,0,100
35,24,81,0,0,0,1,100
21,9,42,0,0,0,1,100
3,1,5,0,0,0,1,100
19,13,48,0,0,0,1,100
38,18,51,0,0,0,1,100
16,33,24,0,0,0,0,100
31,12,42,0,0,0,1,100
19,40,33,0,0,0,0,100
20,10,26,0,0,0,1,100
23,34,32,0,0,0,0,100
24,9,30,0,0,0,1,100
29,37,45,0,0,0,0,100
12,22,12,0,0,0,0,100
19,9,29,0,0,0,1,100
27,19,52,0,0,0,1,100
24,12,33,0,0,0,1,100
41,22,78,0,0,0,1,100
32,11,53,0,0,0,1,100
14,28,27,0,0,0,0,100
32,29,54,0,0,0,0,100
33,16,64,0,0,0,1,100
17,23,28,0,0,0,0,100
26,10,34,0,0,0,1,100
10,26,10,0,0,0,0,100
14,23,25,0,0,0,0,100
20,7,18,0,0,0,1,100
23,9,26,0,0,0,1,100
40,22,78,0,0,0,1,100
17,36,23,0,0,0,0,100
16,9,38,0,0,0,1,100
24,32,54,0,0,0,0,100
14,8,17,0,0,0,1,100
19,10,32,0,0,0,1,100
14,21,22,0,0,0,0,100
11,20,14,0,0,0,0,100
0,1,0,0,0,0,0,100
37,23,63,0,0,0,1,100
20,11,26,0,0,0,1,100
20,43,32,0,0,0,0,100
9,17,11,0,0,0,0,100
20,12,36,0,0,0,1,100
33,18,56,0,0,0,1,100
23,11,29,0,0,0,1,100
27,6,29,0,0,0,1,100
31,23,59,0,0,0,1,100
30,21,61,0,0,0,1,100
27,19,42,0,0,0,1,100
16,5,22,0,0,0,1,100
23,6,25,0,0,0,1,100
8,25,8,0,0,0,0,100
5,17,5,0,0,0,0,100
15,30,22,0,0,0,0,100
6,22,8,0,0,0,0,100
6,18,8,0,0,0,0,100
23,14,34,0,0,0,1,100
6,24,6,0,0,0,0,100
27,38,41,0,0,0,0,100
33,28,54,0,0,0,1,100
20,31,37,0,0,0,0,100
28,4,38,0,0,0,1,100
25,17,51,0,0,0,1,100
30,14,47,0,0,0,1,100
24,10,31,0,0,0,1,100
27,13,58,0,0,0,1,100
36,23,51,0,0,0,1,100
24,13,47,0,0,0,1,100
28,21,44,0,0,0,1,100
39,35,70,0,0,0,1,100
31,21,51,0,0,0,1,100
29,13,32,0,0,0,1,100
3,13,2,0,0,0,0,100
24,30,40,0,0,0,0,100
20,30,43,0,0,0,0,100
32,32,60,0,0,0,1,100
17,5,15,0,0,0,1,100
22,10,33,0,0,0,1,100
9,24,12,0,0,0,0,100
14,31,20,0,0,0,0,100
24,38,39,0,0,0,0,100
26,10,42,0,0,0,1,100
43,12,45,0,0,0,1,100
25,9,38,0,0,0,1,100
9,23,9,0,0,0,0,100
29,20,59,0,0,0,1,100
20,15,40,0,0,0,1,100
16,4,17,0,0,0,1,100
15,8,20,0,0,0,1,100
25,15,34,0,0,0,1,100
21,37,35,0,0,0,0,100
2,19,0,0,0,0,0,100
8,22,8,0,0,0,0,100
10,16,8,0,0,0,0,100
33,36,53,0,0,0,1,100
14,27,22,0,0,0,0,100
45,26,71,0,0,0,1,100
21,21,28,0,0,0,0,100
25,39,39,0,0,0,0,100
17,25,17,0,0,0,0,100
27,27,40,0,0,0,0,100
42,12,53,0,0,0,1,100
11,34,15,0,0,0,0,100
32,33,59,0,0,0,1,100
14,35,19,0,0,0,0,100
15,30,38,0,0,0,0,100
15,31,36,0,0,0,0,100
28,34,69,0,0,0,0,100
51,21,107,0,0,0,1,100
8,20,16,0,0,0,0,100
27,15,47,0,0,0,1,100
28,15,61,0,0,0,1,100
21,31,40,0,0,0,0,100
22,42,34,0,0,0,0,100
52,26,89,0,0,0,1,100
0,2,0,0,0,0,0,100
25,17,44,0,0,0,1,100
20,7,26,0,0,0,1,100
22,34,40,0,0,0,0,100
12,23,19,0,0,0,0,100
29,15,63,0,0,0,1,100
32,17,42,0,0,0,1,100
18,35,23,0,0,0,0,100
17,33,24,0,0,0,0,100
4,23,8,0,0,0,0,100
42,36,76,0,0,0,1,100
15,25,8,0,0,0,0,100
29,25,59,0,0,0,1,100
6,20,10,0,0,0,0,100
11,32,13,0,0,0,0,100
14,33,26,0,0,0,0,100
27,19,51,0,0,0,1,100
26,35,53,0,0,0,0,100
28,40,58,0,0,0,0,100
26,32,44,0,0,0,0,100
29,35,37,0,0,0,0,100
39,35,70,0,0,0,1,100
20,16,36,0,0,0,1,100
32,18,53,0,0,0,1,100
25,17,44,0,0,0,1,100
31,22,53,0,0,0,1,100
31,36,47,0,0,0,0,100
20,6,21,0,0,0,1,100
17,42,20,0,0,0,0,100
28,42,67,0,0,0,0,100
25,33,48,0,0,0,0,100
22,31,30,0,0,0,0,100
37,22,70,0,0,0,1,100
8,26,14,0,0,0,0,100
21,35,34,0,0,0,0,100
36,20,53,0,0,0,1,100
30,30,41,0,0,0,1,100
30,41,48,0,0,0,0,100
36,15,66,0,0,0,1,100
21,35,34,0,0,0,0,100
38,24,70,0,0,0,1,100
23,12,26,0,0,0,1,100
32,20,55,0,0,0,1,100
27,12,49,0,0,0,1,100
20,26,31,0,0,0,0,100
21,40,39,0,0,0,0,100
16,34,27,0,0,0,0,100
23,42,41,0,0,0,0,100
27,42,45,0,0,0,0,100
30,11,45,0,0,0,1,100
20,30,27,0,0,0,0,100
21,40,35,0,0,0,0,100
17,32,18,0,0,0,0,100
27,8,45,0,0,0,1,100
33,25,76,0,0,0,1,100
24,16,42,0,0,0,1,100
53,53,112,0,0,0,1,100
26,37,56,0,0,0,0,100
20,39,31,0,0,0,0,100
22,14,32,0,0,0,1,100
15,26,23,0,0,0,0,100
8,19,10,0,0,0,0,100
22,10,37,0,0,0,1,100
28,18,56,0,0,0,1,100
23,27,34,0,0,0,0,100
17,23,31,0,0,0,0,100
11,25,8,0,0,0,0,100
38,40,59,0,0,0,1,100
36,24,92,0,0,0,1,100
33,36,68,0,0,0,0,100
15,47,22,0,0,0,0,100
30,24,41,0,0,0,1,100
2,5,0,0,0,0,0,100
23,15,56,0,0,0,1,100
31,30,64,0,0,0,1,100
26,33,38,0,0,0,0,100
17,35,20,0,0,0,0,100
16,32,24,0,0,0,0,100
8,24,6,0,0,0,0,100
20,33,28,0,0,0,0,100
31,12,51,0,0,0,1,100
13,27,28,0,0,0,0,100
24,44,38,0,0,0,0,100
22,56,21,0,0,0,0,100
20,38,26,0,0,0,0,100
26,37,56,0,0,0,0,100
39,20,45,0,0,0,1,100
16,31,23,0,0,0,0,100
28,20,63,0,0,0,1,100
31,36,49,0,0,0,0,100
20,28,29,0,0,0,0,100
33,22,77,0,0,0,1,100
7,28,14,0,0,0,0,100
6,11,8,0,0,0,0,100
27,30,43,0,0,0,0,100
35,8,44,0,0,0,1,100
48,57,80,0,0,0,0,100
27,32,46,0,0,0,0,100
29,34,49,0,0,0,0,100
9,26,14,0,0,0,0,100
27,13,42,0,0,0,1,100
35,20,76,0,0,0,1,100
29,10,41,0,0,0,1,100
22,40,32,0,0,0,0,100
23,14,39,0,0,0,1,100
16,10,28,0,0,0,1,100
7,18,9,0,0,0,0,100
28,9,42,0,0,0,1,100
16,21,20,0,0,0,0,100
30,11,45,0,0,0,1,100
33,10,56,0,0,0,1,100
18,36,24,0,0,0,0,100
16,31,28,0,0,0,0,100
3,16,3,0,0,0,0,100
5,16,7,0,0,0,0,100
29,39,38,0,0,0,0,100
23,10,34,0,0,0,1,100
19,7,27,0,0,0,1,100
30,23,58,0,0,0,1,100
29,29,56,0,0,0,1,100
41,33,60,0,0,0,1,100
26,32,49,0,0,0,1,100
26,7,27,0,0,0,1,100
17,29,23,0,0,0,0,100
31,37,63,0,0,0,0,100
44,47,119,0,0,0,0,100
13,36,20,0,0,0,0,100
23,32,20,0,0,0,0,100
24,20,50,0,0,0,1,100
25,11,32,0,0,0,1,100
44,28,55,0,0,0,1,100
20,9,29,0,0,0,1,100
26,15,44,0,0,0,1,100
30,26,63,0,0,0,1,100
37,15,62,0,0,0,1,100
14,30,14,0,0,0,0,100
33,24,61,0,0,0,1,100
9,19,9,0,0,0,0,100
28,31,62,0,0,0,1,100
18,27,25,0,0,0,1,100
13,32,25,0,0,0,0,100
23,12,32,0,0,0,1,100
39,30,68,0,0,0,1,100
26,18,56,0,0,0,1,100
14,19,18,0,0,0,0,100
23,41,44,0,0,0,0,100
35,22,72,0,0,0,1,100
30,24,73,0,0,0,0,100
10,15,17,0,0,0,0,100
15,33,27,0,0,0,0,100
18,10,29,0,0,0,1,100
25,23,33,0,0,0,0,100
17,34,31,0,0,0,0,100
5,26,4,0,0,0,0,100
19,6,18,0,0,0,1,100
32,18,55,0,0,0,1,100
24,21,44,0,0,0,1,100
19,14,31,0,0,0,1,100
18,30,31,0,0,0,0,100
11,26,15,0,0,0,0,100
22,5,34,0,0,0,1,100
32,31,66,0,0,0,0,100
21,21,53,0,0,0,0,100
7,22,14,0,0,0,0,100
29,7,36,0,0,0,1,100
9,18,11,0,0,0,0,100
26,40,51,0,0,0,0,100
31,21,47,0,0,0,1,100
28,8,41,0,0,0,1,100
25,20,59,0,0,0,1,100
26,12,40,0,0,0,1,100
9,14,11,0,0,0,0,100
24,6,30,0,0,0,1,100
22,14,38,0,0,0,1,100
32,21,48,0,0,0,1,100
23,7,42,0,0,0,1,100
44,23,100,0,0,0,1,100
21,30,28,0,0,0,0,100
10,24,17,0,0,0,0,100
33,34,53,0,0,0,0,100
47,15,56,0,0,0,1,100
20,33,24,0,0,0,0,100
17,29,27,0,0,0,0,100
4,19,7,0,0,0,0,100
13,27,24,0,0,0,0,100
32,17,80,0,0,0,1,100
15,35,21,0,0,0,0,100
16,28,25,0,0,0,0,100
25,27,50,0,0,0,1,100
20,13,34,0,0,0,1,100
20,28,42,0,0,0,0,100
26,15,41,0,0,0,1,100
28,21,56,0,0,0,1,100
26,18,48,0,0,0,1,100
13,31,28,0,0,0,0,100
27,10,39,0,0,0,1,100
9,32,12,0,0,0,0,100
18,10,34,0,0,0,1,100
6,14,7,0,0,0,0,100
25,41,32,0,0,0,0,100
23,27,46,0,0,0,0,100
29,25,59,0,0,0,1,100
35,26,46,0,0,0,1,100
34,16,50,0,0,0,1,100
28,12,52,0,0,0,1,100
11,35,20,0,0,0,0,100
28,37,52,0,0,0,0,100
34,16,65,0,0,0,1,100
68,70,177,0,0,0,0,100
32,23,86,0,0,0,1,100
37,31,97,0,0,0,1,100
42,42,118,0,0,0,1,100
12,25,15,0,0,0,0,100
17,15,28,0,0,0,1,100
3,23,4,0,0,0,0,100
23,11,50,0,0,0,1,100
24,15,53,0,0,0,1,100
38,31,77,0,0,0,1,100
23,38,40,0,0,0,0,100
31,11,65,0,0,0,1,100
20,26,31,0,0,0,0,100
6,14,7,0,0,0,0,100
22,36,32,0,0,0,0,100
28,16,47,0,0,0,1,100
50,25,96,0,0,0,1,100
28,32,52,0,0,0,1,100
18,23,32,0,0,0,1,100
18,7,28,0,0,0,1,100
27,13,53,0,0,0,1,100
32,33,54,0,0,0,0,100
19,5,31,0,0,0,1,100
21,22,37,0,0,0,0,100
18,25,26,0,0,0,0,100
37,24,84,0,0,0,1,100
16,10,40,0,0,0,1,100
33,21,69,0,0,0,1,100
38,29,54,0,0,0,1,100
36,26,70,0,0,0,1,100
11,22,9,0,0,0,0,100
8,15,11,0,0,0,0,100
17,27,29,0,0,0,0,100
17,5,20,0,0,0,1,100
17,26,27,0,0,0,0,100
29,8,63,0,0,0,1,100
0,6,0,0,0,0,0,100
14,21,14,0,0,0,0,100
46,35,122,0,0,0,1,100
70,77,161,0,0,0,0,100
41,37,88,0,0,0,1,100
27,25,52,0,0,0,1,100
35,13,63,0,0,0,1,100
41,20,91,0,0,0,1,100
38,31,96,0,0,0,1,100
35,22,78,0,0,0,1,100
28,7,37,0,0,0,1,100
30,27,43,0,0,0,1,100
32,18,35,0,0,0,1,100
37,25,65,0,0,0,1,100
50,42,91,0,0,0,1,100
16,31,21,0,0,0,0,100
5,24,7,0,0,0,0,100
19,32,29,0,0,0,0,100
6,19,9,0,0,0,0,100
31,21,48,0,0,0,1,100
28,15,63,0,0,0,1,100
13,24,8,0,0,0,0,100
8,29,11,0,0,0,0,100
16,26,22,0,0,0,0,100
35,37,51,0,0,0,0,100
12,12,18,0,0,0,1,100
24,19,51,0,0,0,1,100
10,19,7,0,0,0,0,100
34,18,60,0,0,0,1,100
9,29,14,0,0,0,0,100
15,24,22,0,0,0,0,100
35,38,63,0,0,0,0,100
29,15,44,0,0,0,1,100
14,26,24,0,0,0,0,100
22,15,32,0,0,0,1,100
7,22,12,0,0,0,0,100
29,22,32,0,0,0,1,100
30,11,41,0,0,0,1,100
39,22,52,0,0,0,1,100
28,12,31,0,0,0,1,100
16,21,20,0,0,0,0,100
25,11,26,0,0,0,1,100
12,12,18,0,0,0,1,100
18,38,27,0,0,0,0,100
24,39,45,0,0,0,0,100
19,29,25,0,0,0,0,100
23,47,33,0,0,0,0,100
34,42,60,0,0,0,0,100
48,30,126,0,0,0,1,100
35,53,82,0,0,0,0,100
22,25,38,0,0,0,0,100
41,32,84,0,0,0,1,100
25,13,43,0,0,0,1,100
31,29,46,0,0,0,1,100
25,46,38,0,0,0,0,100
30,32,39,0,0,0,1,100
19,34,17,0,0,0,0,100
36,20,52,0,0,0,1,100
16,27,26,0,0,0,0,100
20,8,39,0,0,0,1,100
19,38,33,0,0,0,0,100
21,42,26,0,0,0,0,100
35,25,70,0,0,0,1,100
22,39,38,0,0,0,0,100
32,26,64,0,0,0,1,100
11,20,17,0,0,0,0,100
34,46,71,0,0,0,0,100
9,16,9,0,0,0,0,100
37,17,44,0,0,0,1,100
25,17,44,0,0,0,1,100
11,28,13,0,0,0,0,100
19,53,31,0,0,0,0,100
25,56,39,0,0,0,0,100
28,35,47,0,0,0,0,100
38,20,78,0,0,0,1,100
49,14,93,0,0,0,1,100
30,33,77,0,0,0,1,100
33,19,54,0,0,0,1,100
31,19,50,0,0,0,1,100
11,24,23,0,0,0,0,100
40,20,62,0,0,0,1,100
18,27,28,0,0,0,0,100
12,38,26,0,0,0,0,100
25,33,37,0,0,0,0,100
17,24,45,0,0,0,0,100
8,15,16,0,0,0,0,100
36,34,68,0,0,0,1,100
34,29,49,0,0,0,1,100
13,27,12,0,0,0,0,100
19,6,25,0,0,0,1,100
23,48,26,0,0,0,0,100
5,17,2,0,0,0,0,100
26,37,43,0,0,0,0,100
7,23,5,0,0,0,0,100
15,54,20,0,0,0,0,100
29,40,44,0,0,0,0,100
36,12,36,0,0,0,1,100
9,21,9,0,0,0,0,100
23,41,35,0,0,0,0,100
8,17,8,0,0,0,0,100
6,21,12,0,0,0,0,100
21,15,31,0,0,0,1,100
16,30,27,0,0,0,0,100
31,11,43,0,0,0,1,100
34,30,52,0,0,0,0,100
32,49,31,0,0,0,0,100
34,42,51,0,0,0,0,100
19,34,30,0,0,0,0,100
17,51,31,0,0,0,0,100
57,36,77,0,0,0,1,100
0,1,0,0,0,0,1,100
30,18,58,0,0,0,1,100
8,22,6,0,0,0,0,100
41,34,95,0,0,0,1,100
41,20,62,0,0,0,1,100
33,36,48,0,0,0,0,100
49,26,47,0,0,0,1,100
10,27,9,0,0,0,0,100
14,35,19,0,0,0,0,100
17,12,31,0,0,0,1,100
22,11,39,0,0,0,1,100
9,21,16,0,0,0,0,100
21,33,29,0,0,0,0,100
36,21,48,0,0,0,1,100
26,31,36,0,0,0,0,100
24,29,29,0,0,0,0,100
29,14,48,0,0,0,1,100
29,11,34,0,0,0,1,100
52,43,130,0,0,0,1,100
39,33,76,0,0,0,1,100
15,6,24,0,0,0,1,100
25,3,30,0,0,0,1,100
11,31,6,0,0,0,0,100
19,7,25,0,0,0,1,100
15,23,33,0,0,0,0,100
18,46,25,0,0,0,0,100
27,10,45,0,0,0,1,100
21,40,35,0,0,0,0,100
27,10,42,0,0,0,1,100
33,25,76,0,0,0,1,100
29,18,52,0,0,0,1,100
10,26,16,0,0,0,0,100
40,13,61,0,0,0,1,100
39,22,74,0,0,0,1,100
27,15,32,0,0,0,1,100
21,42,30,0,0,0,0,100
31,19,65,0,0,0,1,100
13,23,16,0,0,0,0,100
29,13,47,0,0,0,1,100
29,39,38,0,0,0,0,100
36,31,62,0,0,0,0,100
21,39,32,0,0,0,0,100
38,31,51,0,0,0,1,100
34,46,64,0,0,0,0,100
48,43,96,0,0,0,1,100
23,4,26,0,0,0,1,100
43,29,95,0,0,0,1,100
37,44,55,0,0,0,0,100
16,5,15,0,0,0,1,100
40,38,85,0,0,0,1,100
34,16,67,0,0,0,1,100
39,10,71,0,0,0,1,100
36,19,67,0,0,0,1,100
47,32,59,0,0,0,1,100
23,12,29,0,0,0,1,100
29,9,35,0,0,0,1,100
28,6,44,0,0,0,1,100
9,17,17,0,0,0,0,100
8,27,23,0,0,0,0,100
18,4,46,0,0,0,1,100
34,17,64,0,0,0,1,100
41,23,65,0,0,0,1,100
5,11,7,0,0,0,0,100
21,10,50,0,0,0,1,100
22,40,49,0,0,0,0,100
30,30,87,0,0,0,0,100
48,55,85,0,0,0,0,100
55,51,73,0,0,0,1,100
47,53,91,0,0,0,0,100
34,13,60,0,0,0,1,100
4,19,6,0,0,0,0,100
22,5,17,0,0,0,1,100
8,13,12,0,0,0,0,100
12,27,16,0,0,0,0,100
29,29,59,0,0,0,0,100
44,32,93,0,0,0,1,100
33,10,56,0,0,0,1,100
36,33,71,0,0,0,1,100
41,15,91,0,0,0,1,100
31,47,52,0,0,0,0,100
13,42,13,0,0,0,0,100
11,18,22,0,0,0,0,100
18,41,37,0,0,0,0,100
26,41,31,0,0,0,0,100
32,40,65,0,0,0,0,100
27,22,58,0,0,0,1,100
10,28,14,0,0,0,0,100
32,16,42,0,0,0,1,100
50,44,71,0,0,0,0,100
48,57,84,0,0,0,0,100
11,20,14,0,0,0,0,100
31,45,45,0,0,0,0,100
34,17,66,0,0,0,1,100
23,18,51,0,0,0,1,100
6,12,10,0,0,0,0,100
40,33,74,0,0,0,0,100
32,20,55,0,0,0,1,100
52,66,131,0,0,0,0,100
36,40,44,0,0,0,0,100
34,27,63,0,0,0,1,100
17,9,23,0,0,0,1,100
18,9,30,0,0,0,1,100
39,22,74,0,0,0,1,100
18,28,34,0,0,0,0,100
31,19,65,0,0,0,1,100
4,19,3,0,0,0,0,100
7,23,6,0,0,0,0,100
29,39,38,0,0,0,0,100
13,39,22,0,0,0,0,100
23,29,46,0,0,0,0,100
39,11,49,0,0,0,1,100
25,38,57,0,0,0,0,100
29,39,65,0,0,0,0,100
41,44,94,0,0,0,0,100
55,46,125,0,0,0,1,100
34,32,81,0,0,0,1,100
14,33,23,0,0,0,0,100
24,16,49,0,0,0,1,100
23,5,33,0,0,0,1,100
18,31,42,0,0,0,0,100
28,39,52,0,0,0,0,100
11,21,16,0,0,0,0,100
48,20,124,0,0,0,1,100
34,18,64,0,0,0,1,100
5,17,6,0,0,0,0,100
39,33,76,0,0,0,1,100
0,0,0,0,0,0,0,100
18,33,31,0,0,0,0,100
32,24,48,0,0,0,1,100
10,24,11,0,0,0,0,100
15,8,18,0,0,0,1,100
25,32,25,0,0,0,0,100
32,23,60,0,0,0,1,100
12,27,11,0,0,0,0,100
14,6,16,0,0,0,1,100
3,18,6,0,0,0,0,100
36,22,59,0,0,0,1,100
19,34,37,0,0,0,0,100
16,35,26,0,0,0,0,100
22,12,54,0,0,0,1,100
42,16,55,0,0,0,1,100
27,19,66,0,0,0,1,100
21,28,50,0,0,0,0,100
21,31,40,0,0,0,0,100
30,46,41,0,0,0,0,100
15,29,25,0,0,0,0,100
0,2,0,0,0,0,0,100
45,44,85,0,0,0,1,100
14,28,22,0,0,0,0,100
21,43,30,0,0,0,0,100
31,12,36,0,0,0,1,100
15,29,22,0,0,0,0,100
12,17,17,0,0,0,0,100
15,27,22,0,0,0,0,100
43,33,78,0,0,0,1,100
29,31,61,0,0,0,0,100
24,31,34,0,0,0,0,100
25,15,39,0,0,0,1,100
23,4,26,0,0,0,1,100
19,48,26,0,0,0,0,100
34,11,37,0,0,0,1,100
23,7,35,0,0,0,1,100
26,6,40,0,0,0,1,100
12,24,17,0,0,0,0,100
40,22,64,0,0,0,1,100
5,33,5,0,0,0,0,100
44,27,70,0,0,0,1,100
13,29,23,0,0,0,0,100
8,14,16,0,0,0,0,100
17,27,28,0,0,0,0,100
40,23,54,0,0,0,1,100
30,32,44,0,0,0,0,100
44,19,51,0,0,0,1,100
20,4,21,0,0,0,1,100
10,23,21,0,0,0,0,100
30,8,45,0,0,0,1,100
32,15,50,0,0,0,1,100
27,19,56,0,0,0,1,100
38,20,65,0,0,0,1,100
19,31,23,0,0,0,0,100
27,44,33,0,0,0,0,100
20,38,37,0,0,0,0,100
50,50,95,0,0,0,0,100
6,30,10,0,0,0,0,100
18,42,27,0,0,0,0,100
16,30,35,0,0,0,0,100
32,24,51,0,0,0,1,100
25,40,47,0,0,0,0,100
29,29,39,0,0,0,0,100
19,38,36,0,0,0,0,100
30,14,71,0,0,0,1,100
32,15,54,0,0,0,1,100
10,4,16,0,0,0,1,100
39,29,72,0,0,0,1,100
18,31,24,0,0,0,0,100
34,21,63,0,0,0,1,100
15,36,19,0,0,0,0,100
2,6,2,0,0,0,0,100
28,32,70,0,0,0,0,100
33,43,53,0,0,0,0,100
14,16,18,0,0,0,0,100
10,24,15,0,0,0,0,100
34,43,64,0,0,0,1,100
10,19,12,0,0,0,0,100
14,22,19,0,0,0,0,100
27,15,26,0,0,0,1,100
6,18,9,0,0,0,0,100
14,4,17,0,0,0,1,100
31,11,43,0,0,0,1,100
50,41,84,0,0,0,1,100
32,49,31,0,0,0,0,100
34,42,51,0,0,0,0,100
35,17,44,0,0,0,1,100
29,37,48,0,0,0,0,100
16,1,21,0,0,0,1,100
29,27,42,0,0,0,0,100
7,23,12,0,0,0,0,100
54,53,140,0,0,0,1,100
47,48,121,0,0,0,1,100
18,36,32,0,0,0,0,100
33,36,48,0,0,0,0,100
18,3,27,0,0,0,1,100
12,20,17,0,0,0,0,100
27,13,49,0,0,0,1,100
32,18,53,0,0,0,1,100
41,20,61,0,0,0,1,100
36,41,41,0,0,0,0,100
35,25,62,0,0,0,0,100
38,56,90,0,0,0,0,100
8,33,13,0,0,0,0,100
21,35,34,0,0,0,0,100
36,20,53,0,0,0,1,100
30,30,41,0,0,0,1,100
30,8,41,0,0,0,1,100
55,49,131,0,0,0,0,100
38,24,70,0,0,0,1,100
67,64,138,0,0,0,0,100
37,22,63,0,0,0,1,100
19,35,25,0,0,0,0,100
18,46,25,0,0,0,0,100
27,10,45,0,0,0,1,100
33,33,109,0,0,0,1,100
27,26,55,0,0,0,1,100
27,13,42,0,0,0,1,100
28,49,46,0,0,0,0,100
29,21,68,0,0,0,1,100
14,21,27,0,0,0,0,100
31,13,44,0,0,0,1,100
40,31,72,0,0,0,1,100
27,35,60,0,0,0,0,100
33,16,46,0,0,0,1,100
39,27,41,0,0,0,1,100
26,12,42,0,0,0,1,100
6,21,12,0,0,0,0,100
19,25,31,0,0,0,0,100
14,3,14,0,0,0,1,100
44,31,90,0,0,0,1,100
7,20,8,0,0,0,0,100
24,18,30,0,0,0,1,100
24,16,31,0,0,0,1,100
29,31,52,0,0,0,1,100
29,18,43,0,0,0,1,100
25,6,26,0,0,0,1,100
49,43,100,0,0,0,1,100
14,39,15,0,0,0,0,100
11,31,14,0,0,0,0,100
10,3,12,0,0,0,1,100
35,21,45,0,0,0,1,100
25,19,32,0,0,0,1,100
21,38,38,0,0,0,0,100
31,5,27,0,0,0,1,100
16,44,27,0,0,0,0,100
20,10,40,0,0,0,1,100
30,17,49,0,0,0,1,100
38,10,71,0,0,0,1,100
15,25,26,0,0,0,0,100
15,29,24,0,0,0,0,100
20,34,31,0,0,0,0,100
15,11,11,0,0,0,1,100
30,20,63,0,0,0,1,100
9,20,11,0,0,0,0,100
17,17,36,0,0,0,0,100
25,13,54,0,0,0,1,100
14,29,20,0,0,0,0,100
23,5,30,0,0,0,1,100
4,26,5,0,0,0,0,100
25,9,48,0,0,0,1,100
11,28,16,0,0,0,0,100
35,6,38,0,0,0,1,100
13,18,14,0,0,0,0,100
23,9,34,0,0,0,1,100
12,28,23,0,0,0,0,100
24,37,36,0,0,0,0,100
36,13,50,0,0,0,1,100
22,29,35,0,0,0,0,100
35,17,38,0,0,0,1,100
8,22,9,0,0,0,0,100
20,19,34,0,0,0,0,100
15,22,36,0,0,0,0,100
27,45,37,0,0,0,0,100
27,32,56,0,0,0,1,100
19,5,19,0,0,0,1,100
14,5,26,0,0,0,1,100
32,26,63,0,0,0,1,100
43,32,68,0,0,0,1,100
33,25,77,0,0,0,1,100
4,33,2,0,0,0,0,100
14,32,13,0,0,0,0,100
30,11,52,0,0,0,1,100
33,10,61,0,0,0,1,100
29,5,33,0,0,0,1,100
30,12,39,0,0,0,1,100
37,20,54,0,0,0,1,100
24,12,39,0,0,0,1,100
9,28,12,0,0,0,0,100
20,9,23,0,0,0,1,100
3,20,3,0,0,0,0,100
14,29,16,0,0,0,0,100
41,10,62,0,0,0,1,100
39,13,44,0,0,0,1,100
21,10,31,0,0,0,1,100
20,6,31,0,0,0,1,100
18,21,34,0,0,0,1,100
4,22,6,0,0,0,0,100
29,22,49,0,0,0,1,100
10,30,20,0,0,0,0,100
28,7,33,0,0,0,1,100
33,27,50,0,0,0,1,100
30,17,53,0,0,0,1,100
25,29,33,0,0,0,0,100
31,48,61,0,0,0,0,100
24,13,18,0,0,0,1,100
25,15,33,0,0,0,1,100
11,25,18,0,0,0,0,100
35,14,50,0,0,0,1,100
26,17,45,0,0,0,1,100
36,14,49,0,0,0,1,100
11,38,9,0,0,0,0,100
14,16,28,0,0,0,0,100
24,21,56,0,0,0,1,100
18,9,34,0,0,0,1,100
29,17,39,0,0,0,1,100
29,9,44,0,0,0,1,100
35,8,70,0,0,0,1,100
34,42,81,0,0,0,0,100
6,15,9,0,0,0,0,100
65,43,143,0,0,0,1,100
31,7,42,0,0,0,1,100
22,13,44,0,0,0,1,100
42,40,76,0,0,0,1,100
30,15,62,0,0,0,1,100
11,30,12,0,0,0,0,100
25,17,52,0,0,0,1,100
19,5,30,0,0,0,1,100
13,27,19,0,0,0,0,100
14,10,15,0,0,0,1,100
20,23,38,0,0,0,0,100
25,23,41,0,0,0,0,100
21,32,33,0,0,0,0,100
33,25,58,0,0,0,1,100
20,16,40,0,0,0,1,100
23,48,26,0,0,0,0,100
35,14,55,0,0,0,1,100
9,21,14,0,0,0,0,100
25,18,39,0,0,0,1,100
15,32,31,0,0,0,0,100
20,11,21,0,0,0,1,100
11,17,11,0,0,0,0,100
18,12,28,0,0,0,1,100
24,13,36,0,0,0,1,100
27,36,38,0,0,0,0,100
11,26,14,0,0,0,0,100
47,20,67,0,0,0,1,100
44,38,104,0,0,0,1,100
21,14,36,0,0,0,1,100
26,11,35,0,0,0,1,100
26,16,29,0,0,0,1,100
28,16,48,0,0,0,1,100
29,24,28,0,0,0,0,100
32,13,43,0,0,0,1,100
7,19,17,0,0,0,0,100
35,52,70,0,0,0,0,100
31,17,55,0,0,0,1,100
12,30,31,0,0,0,0,100
34,28,84,0,0,0,1,100
24,11,45,0,0,0,1,100
12,45,26,0,0,0,0,100
57,33,97,0,0,0,1,100
32,15,73,0,0,0,1,100
31,46,65,0,0,0,0,100
42,35,68,0,0,0,1,100
7,29,22,0,0,0,0,100
31,21,59,0,0,0,1,100
14,20,19,0,0,0,0,100
25,28,47,0,0,0,0,100
10,17,14,0,0,0,0,100
6,18,8,0,0,0,0,100
15,39,22,0,0,0,0,100
15,8,20,0,0,0,1,100
25,9,31,0,0,0,1,100
27,6,33,0,0,0,1,100
15,3,15,0,0,0,1,100
42,51,75,0,0,0,0,100
24,12,35,0,0,0,1,100
39,23,57,0,0,0,1,100
16,24,24,0,0,0,0,100
12,26,19,0,0,0,0,100
25,13,44,0,0,0,1,100
25,9,43,0,0,0,1,100
15,34,19,0,0,0,0,100
35,24,59,0,0,0,1,100
16,28,22,0,0,0,0,100
34,24,49,0,0,0,1,100
26,31,58,0,0,0,0,100
5,27,6,0,0,0,0,100
33,39,45,0,0,0,0,100
38,20,64,0,0,0,1,100
2,17,2,0,0,0,0,100
38,17,34,0,0,0,1,100
22,33,48,0,0,0,0,100
21,8,31,0,0,0,1,100
27,14,55,0,0,0,1,100
18,31,25,0,0,0,0,100
27,26,44,0,0,0,0,100
35,17,53,0,0,0,1,100
12,2,10,0,0,0,1,100
12,31,15,0,0,0,0,100
21,5,28,0,0,0,1,100
53,53,112,0,0,0,1,100
7,19,8,0,0,0,0,100
29,42,42,0,0,0,0,100
12,22,17,0,0,0,0,100
28,12,56,0,0,0,1,100
38,31,51,0,0,0,1,100
17,25,26,0,0,0,0,100
34,11,47,0,0,0,1,100
21,18,41,0,0,0,1,100
15,6,36,0,0,0,1,100
24,32,38,0,0,0,0,100
11,22,9,0,0,0,0,100
20,10,43,0,0,0,1,100
33,35,43,0,0,0,0,100
17,7,24,0,0,0,1,100
25,13,27,0,0,0,1,100
27,15,34,0,0,0,1,100
22,11,36,0,0,0,1,100
22,33,37,0,0,0,0,100
30,16,66,0,0,0,1,100
33,43,53,0,0,0,0,100
6,24,13,0,0,0,0,100
20,33,33,0,0,0,0,100
19,28,39,0,0,0,0,100
24,11,35,0,0,0,1,100
13,27,13,0,0,0,0,100
20,19,33,0,0,0,0,100
28,18,61,0,0,0,1,100
17,3,25,0,0,0,1,100
26,13,47,0,0,0,1,100
30,22,47,0,0,0,1,100
21,32,35,0,0,0,0,100
35,31,59,0,0,0,1,100
20,11,24,0,0,0,1,100
17,7,12,0,0,0,1,100
27,10,33,0,0,0,1,100
22,12,32,0,0,0,1,100
23,34,36,0,0,0,0,100
2,9,2,0,0,0,0,100
32,16,73,0,0,0,1,100
30,40,52,0,0,0,0,100
7,20,7,0,0,0,0,100
2,2,2,0,0,0,1,100
18,28,23,0,0,0,0,100
25,13,39,0,0,0,1,100
16,4,12,0,0,0,1,100
24,39,36,0,0,0,0,100
21,34,30,0,0,0,0,100
19,28,30,0,0,0,0,100
23,18,49,0,0,0,1,100
21,11,46,0,0,0,1,100
21,7,55,0,0,0,1,100
21,5,31,0,0,0,1,100
22,33,35,0,0,0,0,100
33,23,41,0,0,0,1,100
19,28,20,0,0,0,0,100
20,31,25,0,0,0,0,100
18,39,29,0,0,0,0,100
12,27,12,0,0,0,0,100
30,33,48,0,0,0,0,100
10,19,14,0,0,0,0,100
30,21,28,0,0,0,1,100
36,9,52,0,0,0,1,100
31,24,42,0,0,0,1,100
32,10,60,0,0,0,1,100
37,32,74,0,0,0,1,100
16,28,22,0,0,0,0,100
1,11,0,0,0,0,0,100
33,18,64,0,0,0,1,100
47,25,92,0,0,0,1,100
14,26,27,0,0,0,0,100
39,39,57,0,0,0,0,100
20,33,24,0,0,0,0,100
23,8,36,0,0,0,1,100
4,13,7,0,0,0,0,100
26,16,49,0,0,0,1,100
8,19,12,0,0,0,0,100
38,33,69,0,0,0,1,100
32,25,60,0,0,0,1,100
30,11,38,0,0,0,1,100
32,12,77,0,0,0,1,100
23,26,51,0,0,0,1,100
29,18,53,0,0,0,1,100
21,34,43,0,0,0,0,100
17,22,31,0,0,0,0,100
51,21,66,0,0,0,1,100
15,31,25,0,0,0,0,100
38,23,69,0,0,0,1,100
7,22,10,0,0,0,0,100
35,50,42,0,0,0,0,100
15,32,28,0,0,0,0,100
5,11,7,0,0,0,0,100
16,40,27,0,0,0,0,100
16,33,31,0,0,0,0,100
15,20,27,0,0,0,0,100
31,20,65,0,0,0,1,100
25,11,44,0,0,0,1,100
25,36,38,0,0,0,0,100
29,14,66,0,0,0,1,100
21,34,30,0,0,0,0,100
44,26,52,0,0,0,1,100
41,23,62,0,0,0,1,100
41,16,65,0,0,0,1,100
16,5,13,0,0,0,1,100
24,38,43,0,0,0,0,100
33,12,43,0,0,0,1,100
18,32,20,0,0,0,0,100
34,33,93,0,0,0,1,100
10,23,13,0,0,0,0,100
10,20,7,0,0,0,0,100
29,11,32,0,0,0,1,100
23,34,29,0,0,0,0,100
35,9,35,0,0,0,1,100
24,6,54,0,0,0,1,100
20,10,28,0,0,0,1,100
22,27,25,0,0,0,0,100
26,28,61,0,0,0,1,100
12,24,17,0,0,0,0,100
13,33,20,0,0,0,0,100
18,12,40,0,0,0,1,100
42,40,76,0,0,0,1,100
22,9,26,0,0,0,1,100
32,21,72,0,0,0,1,100
36,25,53,0,0,0,1,100
26,32,50,0,0,0,0,100
50,48,101,0,0,0,0,100
16,23,36,0,0,0,0,100
35,19,33,0,0,0,1,100
25,29,51,0,0,0,0,100
27,31,35,0,0,0,0,100
27,15,47,0,0,0,1,100
15,26,31,0,0,0,0,100
38,22,49,0,0,0,1,100
29,39,58,0,0,0,0,100
15,26,21,0,0,0,0,100
13,39,22,0,0,0,0,100
15,6,36,0,0,0,1,100
71,71,209,0,0,0,0,100
41,54,113,0,0,0,0,100
23,38,40,0,0,0,0,100
0,0,0,0,0,0,1,100
52,49,126,0,0,0,0,100
28,53,69,0,0,0,0,100
55,68,124,0,0,0,0,100
70,74,142,0,0,0,0,100
42,36,85,0,0,0,0,100
8,22,5,0,0,0,0,100
33,13,48,0,0,0,1,100
26,44,33,0,0,0,0,100
16,35,23,0,0,0,0,100
10,18,16,0,0,0,0,100
22,8,22,0,0,0,1,100
49,54,104,0,0,0,0,100
57,55,101,0,0,0,1,100
16,36,19,0,0,0,0,100
16,25,16,0,0,0,0,100
13,29,24,0,0,0,0,100
46,44,68,0,0,0,1,100
26,5,27,0,0,0,1,100
34,18,35,0,0,0,1,100
48,32,70,0,0,0,1,100
29,38,65,0,0,0,0,100
45,29,69,0,0,0,1,100
31,31,69,0,0,0,1,100
35,13,48,0,0,0,1,100
10,29,13,0,0,0,0,100
26,7,40,0,0,0,1,100
37,21,132,0,0,0,1,100
35,29,80,0,0,0,1,100
16,38,16,0,0,0,0,100
33,26,58,0,0,0,1,100
6,13,6,0,0,0,0,100
35,7,65,0,0,0,1,100
25,20,59,0,0,0,1,100
32,40,80,0,0,0,0,100
52,43,124,0,0,0,0,100
59,44,115,0,0,0,1,100
46,42,98,0,0,0,1,100
54,53,107,0,0,0,1,100
20,30,13,0,0,0,0,100
29,13,41,0,0,0,1,100
19,34,21,0,0,0,0,100
32,13,55,0,0,0,1,100
57,46,149,0,0,0,1,100
61,65,105,0,0,0,1,100
22,34,29,0,0,0,0,100
58,60,148,0,0,0,0,100
44,51,93,0,0,0,0,100
26,41,37,0,0,0,0,100
37,45,102,0,0,0,0,100
39,42,115,0,0,0,0,100
51,80,91,0,0,0,0,100
65,61,163,0,0,0,1,100
30,14,48,0,0,0,1,100
29,23,39,0,0,0,1,100
26,14,25,0,0,0,1,100
27,14,34,0,0,0,1,100
35,22,59,0,0,0,1,100
30,36,57,0,0,0,0,100
24,29,44,0,0,0,1,100
60,73,59,0,0,0,0,100
13,28,22,0,0,0,0,100
41,47,47,0,0,0,1,100
37,51,50,0,0,0,1,100
27,33,52,0,0,0,0,100
33,25,57,0,0,0,1,100
7,23,8,0,0,0,0,100
0,7,0,0,0,0,0,100
13,31,16,0,0,0,0,100
58,56,60,0,0,0,0,100
35,32,90,0,0,0,1,100
19,31,32,0,0,0,0,100
11,28,20,0,0,0,0,100
24,19,37,0,0,0,1,100
32,16,53,0,0,0,1,100
19,7,24,0,0,0,1,100
42,36,76,0,0,0,1,100
37,31,72,0,0,0,1,100
32,19,42,0,0,0,1,100
1,0,0,0,0,0,1,100
24,12,24,0,0,0,1,100
40,40,70,0,0,0,1,100
9,26,13,0,0,0,0,100
34,40,63,0,0,0,0,100
15,34,21,0,0,0,0,100
11,23,18,0,0,0,0,100
18,17,22,0,0,0,0,100
13,28,18,0,0,0,0,100
18,3,27,0,0,0,1,100
28,19,76,0,0,0,1,100
22,9,31,0,0,0,1,100
14,29,17,0,0,0,0,100
21,17,27,0,0,0,1,100
28,11,36,0,0,0,1,100
45,41,85,0,0,0,1,100
28,53,48,0,0,0,0,100
9,27,15,0,0,0,0,100
21,23,28,0,0,0,0,100
17,26,15,0,0,0,0,100
20,28,40,0,0,0,0,100
16,32,24,0,0,0,0,100
7,22,9,0,0,0,0,100
21,33,29,0,0,0,0,100
31,23,68,0,0,0,1,100
32,38,56,0,0,0,0,100
6,18,7,0,0,0,0,100
16,34,27,0,0,0,0,100
24,24,39,0,0,0,0,100
19,7,25,0,0,0,1,100
39,22,47,0,0,0,1,100
12,27,22,0,0,0,0,100
25,6,26,0,0,0,1,100
23,30,30,0,0,0,0,100
22,21,34,0,0,0,1,100
15,10,18,0,0,0,1,100
33,10,33,0,0,0,1,100
22,45,37,0,0,0,0,100
8,20,11,0,0,0,0,100
15,6,32,0,0,0,1,100
19,27,32,0,0,0,0,100
24,3,24,0,0,0,1,100
15,24,27,0,0,0,0,100
18,6,27,0,0,0,1,100
26,37,56,0,0,0,0,100
39,20,45,0,0,0,1,100
16,31,23,0,0,0,0,100
39,31,66,0,0,0,1,100
48,32,78,0,0,0,1,100
34,16,60,0,0,0,1,100
41,36,71,0,0,0,1,100
28,30,46,0,0,0,0,100
20,6,23,0,0,0,1,100
24,15,46,0,0,0,1,100
28,31,52,0,0,0,0,100
17,8,23,0,0,0,1,100
21,24,27,0,0,0,0,100
3,16,3,0,0,0,0,100
13,16,14,0,0,0,0,100
9,20,16,0,0,0,0,100
15,41,22,0,0,0,0,100
3,26,6,0,0,0,0,100
9,22,9,0,0,0,0,100
23,27,33,0,0,0,0,100
30,40,42,0,0,0,0,100
9,19,20,0,0,0,0,100
14,11,21,0,0,0,1,100
9,26,16,0,0,0,0,100
0,2,0,0,0,0,1,100
35,34,76,0,0,0,0,100
26,26,64,0,0,0,1,100
5,16,4,0,0,0,0,100
18,37,19,0,0,0,0,100
19,8,24,0,0,0,1,100
13,18,16,0,0,0,0,100
29,9,53,0,0,0,1,100
33,33,68,0,0,0,0,100
39,22,80,0,0,0,1,100
46,24,80,0,0,0,1,100
7,18,12,0,0,0,0,100
23,33,37,0,0,0,0,100
39,18,48,0,0,0,1,100
41,18,61,0,0,0,1,100
18,28,31,0,0,0,0,100
10,31,15,0,0,0,0,100
24,8,20,0,0,0,1,100
29,20,41,0,0,0,1,100
39,24,52,0,0,0,1,100
13,36,20,0,0,0,0,100
11,23,9,0,0,0,0,100
35,15,62,0,0,0,1,100
24,36,26,0,0,0,0,100
22,33,32,0,0,0,0,100
36,24,54,0,0,0,1,100
36,15,52,0,0,0,1,100
47,26,61,0,0,0,1,100
17,33,26,0,0,0,0,100
10,21,18,0,0,0,0,100
34,22,60,0,0,0,1,100
23,35,32,0,0,0,0,100
35,30,56,0,0,0,1,100
26,23,42,0,0,0,1,100
4,14,6,0,0,0,0,100
25,11,21,0,0,0,1,100
5,13,5,0,0,0,0,100
17,27,39,0,0,0,0,100
26,15,60,0,0,0,1,100
13,20,13,0,0,0,0,100
34,38,63,0,0,0,0,100
15,37,22,0,0,0,0,100
20,8,32,0,0,0,1,100
7,23,9,0,0,0,0,100
30,22,47,0,0,0,1,100
12,29,12,0,0,0,0,100
35,21,45,0,0,0,1,100
21,31,43,0,0,0,0,100
19,10,30,0,0,0,1,100
19,10,45,0,0,0,1,100
37,19,41,0,0,0,1,100
39,28,73,0,0,0,1,100
9,25,5,0,0,0,0,100
12,17,11,0,0,0,0,100
24,27,51,0,0,0,1,100
27,20,44,0,0,0,1,100
8,20,8,0,0,0,0,100
30,24,73,0,0,0,0,100
19,24,31,0,0,0,0,100
15,15,15,0,0,0,1,100
28,14,44,0,0,0,1,100
38,12,60,0,0,0,1,100
25,25,40,0,0,0,0,100
31,25,61,0,0,0,1,100
32,19,68,0,0,0,1,100
10,24,14,0,0,0,0,100
15,4,13,0,0,0,1,100
8,22,9,0,0,0,0,100
15,27,31,0,0,0,0,100
18,4,20,0,0,0,1,100
13,19,16,0,0,0,0,100
27,16,41,0,0,0,1,100
18,22,31,0,0,0,0,100
11,22,15,0,0,0,0,100
15,21,20,0,0,0,0,100
25,13,32,0,0,0,1,100
25,37,54,0,0,0,0,100
18,32,32,0,0,0,0,100
30,13,42,0,0,0,1,100
19,9,34,0,0,0,1,100
28,20,61,0,0,0,1,100
6,13,11,0,0,0,0,100
29,18,59,0,0,0,1,100
43,23,57,0,0,0,1,100
5,29,5,0,0,0,0,100
25,17,52,0,0,0,1,100
28,21,49,0,0,0,1,100
50,24,90,0,0,0,1,100
34,38,76,0,0,0,1,100
25,41,20,0,0,0,0,100
24,23,33,0,0,0,0,100
17,22,27,0,0,0,0,100
32,4,34,0,0,0,1,100
19,29,31,0,0,0,0,100
9,20,10,0,0,0,0,100
29,35,60,0,0,0,0,100
15,20,23,0,0,0,0,100
39,30,53,0,0,0,0,100
21,11,43,0,0,0,1,100
27,13,38,0,0,0,1,100
33,11,40,0,0,0,1,100
33,18,61,0,0,0,1,100
13,20,15,0,0,0,0,100
18,7,27,0,0,0,1,100
5,19,6,0,0,0,0,100
28,12,32,0,0,0,1,100
35,25,68,0,0,0,1,100
12,29,15,0,0,0,0,100
0,15,0,0,0,0,0,100
27,39,34,0,0,0,0,100
12,23,14,0,0,0,0,100
34,14,48,0,0,0,1,100
9,18,11,0,0,0,0,100
9,15,13,0,0,0,0,100
22,7,31,0,0,0,1,100
31,29,59,0,0,0,1,100
9,32,8,0,0,0,0,100
7,24,1,0,0,0,0,100
23,12,29,0,0,0,1,100
15,36,20,0,0,0,0,100
47,27,62,0,0,0,1,100
29,25,44,0,0,0,1,100
35,41,48,0,0,0,0,100
32,28,35,0,0,0,1,100
21,10,30,0,0,0,1,100
32,38,51,0,0,0,1,100
7,25,13,0,0,0,0,100
10,29,8,0,0,0,0,100
23,19,38,0,0,0,1,100
15,29,22,0,0,0,0,100
5,23,5,0,0,0,0,100
13,29,20,0,0,0,0,100
19,34,23,0,0,0,0,100
31,18,42,0,0,0,1,100
19,38,21,0,0,0,0,100
43,29,95,0,0,0,1,100
40,45,113,0,0,0,1,100
26,15,36,0,0,0,1,100
19,19,30,0,0,0,1,100
13,33,20,0,0,0,0,100
31,23,55,0,0,0,1,100
16,5,22,0,0,0,1,100
25,41,32,0,0,0,0,100
33,22,61,0,0,0,1,100
35,24,66,0,0,0,1,100
37,20,37,0,0,0,1,100
40,25,79,0,0,0,1,100
15,36,28,0,0,0,0,100
16,25,29,0,0,0,0,100
24,13,47,0,0,0,1,100
12,21,6,0,0,0,0,100
9,13,9,0,0,0,0,100
26,29,30,0,0,0,0,100
14,21,31,0,0,0,0,100
31,16,69,0,0,0,1,100
10,18,13,0,0,0,0,100
23,32,28,0,0,0,0,100
26,11,50,0,0,0,1,100
18,28,26,0,0,0,0,100
26,38,31,0,0,0,0,100
28,17,60,0,0,0,1,100
15,29,17,0,0,0,0,100
34,22,49,0,0,0,1,100
34,35,52,0,0,0,0,100
23,40,28,0,0,0,0,100
29,31,43,0,0,0,0,100
20,36,23,0,0,0,0,100
16,7,35,0,0,0,1,100
33,16,41,0,0,0,1,100
28,10,35,0,0,0,1,100
29,27,53,0,0,0,1,100
20,3,20,0,0,0,1,100
26,17,41,0,0,0,1,100
28,31,48,0,0,0,1,100
31,18,41,0,0,0,1,100
3,15,4,0,0,0,0,100
36,19,64,0,0,0,1,100
23,14,31,0,0,0,1,100
36,27,44,0,0,0,0,100
11,18,8,0,0,0,0,100
25,5,35,0,0,0,1,100
27,9,43,0,0,0,1,100
19,42,20,0,0,0,0,100
42,21,86,0,0,0,1,100
6,13,14,0,0,0,0,100
22,6,33,0,0,0,1,100
15,28,23,0,0,0,0,100
34,18,60,0,0,0,1,100
38,38,72,0,0,0,1,100
9,26,8,0,0,0,0,100
5,31,12,0,0,0,0,100
46,34,92,0,0,0,1,100
9,16,12,0,0,0,0,100
15,29,14,0,0,0,0,100
21,38,39,0,0,0,0,100
8,21,6,0,0,0,0,100
28,19,33,0,0,0,1,100
25,11,40,0,0,0,1,100
3,13,3,0,0,0,0,100
29,11,29,0,0,0,1,100
28,11,36,0,0,0,1,100
11,34,14,0,0,0,0,100
15,20,22,0,0,0,0,100
8,18,6,0,0,0,0,100
35,30,67,0,0,0,0,100
15,31,23,0,0,0,0,100
17,26,34,0,0,0,0,100
18,9,26,0,0,0,1,100
38,15,40,0,0,0,1,100
35,27,62,0,0,0,1,100
30,35,49,0,0,0,0,100
14,35,18,0,0,0,0,100
36,22,85,0,0,0,1,100
38,19,43,0,0,0,1,100
46,27,63,0,0,0,1,100
45,36,57,0,0,0,1,100
43,37,88,0,0,0,1,100
7,25,5,0,0,0,0,100
15,31,25,0,0,0,0,100
12,29,24,0,0,0,0,100
24,43,37,0,0,0,0,100
36,19,56,0,0,0,1,100
31,38,59,0,0,0,0,100
41,33,53,0,0,0,1,100
35,27,57,0,0,0,1,100
17,5,13,0,0,0,1,100
26,48,40,0,0,0,0,100
36,25,65,0,0,0,1,100
21,8,33,0,0,0,1,100
33,22,69,2,2,2,1,200
34,19,45,2,2,0,1,200
17,24,21,4,2,0,0,200
29,16,50,2,1,1,1,200
28,11,43,3,2,0,1,200
7,14,8,2,1,1,0,200
18,12,19,3,1,1,1,200
7,22,6,2,2,1,0,200
19,1,19,3,2,1,1,200
27,47,44,2,0,1,0,200
22,32,34,4,2,1,0,200
15,25,19,3,2,1,0,200
20,36,32,4,2,2,0,200
35,18,60,2,2,1,1,200
21,21,35,4,2,1,0,200
30,22,56,2,1,1,1,200
28,19,45,2,1,0,1,200
12,31,25,3,1,1,0,200
17,10,29,3,1,1,1,200
29,11,41,4,1,2,1,200
15,29,26,4,1,2,0,200
24,16,41,0,2,0,1,200
19,30,28,3,1,1,0,200
33,39,55,3,1,1,0,200
11,30,12,4,2,2,0,200
23,46,21,4,1,3,0,200
6,17,9,3,2,1,0,200
10,24,15,4,2,3,0,200
24,15,46,2,1,3,1,200
45,14,57,4,2,1,1,200
34,46,47,3,2,0,0,200
24,27,50,3,2,0,0,200
20,16,28,4,2,1,1,200
26,35,52,2,2,1,0,200
10,29,11,4,2,1,0,200
32,19,48,2,1,2,1,200
16,28,17,2,1,1,0,200
16,25,29,3,2,1,0,200
32,46,55,4,2,1,0,200
12,30,18,3,2,1,0,200
18,6,21,2,1,0,1,200
42,25,83,0,0,0,1,200
33,26,72,0,0,0,1,200
21,14,39,0,0,0,1,200
19,23,25,0,0,0,0,200
26,34,29,4,2,2,0,200
18,54,20,2,1,0,0,200
7,31,4,0,0,0,0,200
13,24,19,0,0,0,0,200
22,16,40,0,0,0,1,200
31,17,52,1,0,0,1,200
32,8,34,3,1,1,1,200
27,15,37,0,0,0,1,200
19,46,29,0,0,0,0,200
10,29,10,2,1,1,0,200
34,11,52,3,1,1,1,200
34,39,48,0,0,0,0,200
34,16,51,4,0,1,1,200
21,31,29,4,2,2,0,200
13,29,18,2,1,1,0,200
14,27,13,3,1,1,0,200
37,13,72,4,2,2,1,200
39,23,85,2,2,0,1,200
38,25,80,4,1,1,1,200
31,40,58,4,2,1,0,200
21,12,32,3,1,2,1,200
21,31,41,2,1,1,0,200
18,7,23,3,1,1,1,200
24,29,27,4,2,1,1,200
7,18,7,3,1,1,0,200
21,16,34,4,2,0,1,200
31,11,52,4,1,1,1,200
34,16,44,4,1,2,1,200
31,18,47,3,1,1,1,200
38,26,54,4,1,1,1,200
16,30,28,4,2,1,0,200
20,30,34,4,2,1,0,200
15,22,17,3,1,1,1,200
6,20,7,2,1,0,0,200
22,13,49,4,2,1,1,200
1,0,1,3,1,1,0,200
18,30,29,2,2,1,0,200
31,8,47,3,2,1,1,200
11,25,16,1,2,1,0,200
14,39,14,2,1,1,0,200
35,18,57,4,1,2,1,200
26,18,41,3,1,2,0,200
21,37,37,3,1,1,0,200
7,21,13,4,2,1,0,200
30,19,31,4,0,1,1,200
29,14,43,3,1,2,1,200
10,20,17,3,2,2,0,200
23,16,41,3,1,1,0,200
18,1,25,3,2,1,1,200
28,23,54,3,2,2,1,200
34,37,67,4,2,2,0,200
40,21,90,3,0,1,1,200
31,33,53,1,1,0,0,200
6,29,7,3,2,0,0,200
16,7,15,3,1,0,1,200
2,17,3,4,2,1,0,200
34,35,54,3,1,0,1,200
20,34,29,3,1,0,0,200
32,12,71,4,1,2,1,200
14,27,30,4,1,1,0,200
10,33,16,4,2,3,0,200
30,30,61,3,1,1,1,200
33,45,76,3,1,2,0,200
48,41,80,3,1,0,1,200
36,10,84,2,1,0,1,200
9,22,18,3,1,1,0,200
48,23,75,2,1,1,1,200
3,19,3,2,1,0,0,200
11,28,10,5,2,1,0,200
51,27,82,2,1,0,1,200
5,17,4,2,1,1,0,200
25,36,45,4,1,1,0,200
34,35,71,4,2,1,0,200
31,14,53,2,0,0,1,200
33,20,56,3,1,1,1,200
43,34,81,3,2,2,0,200
39,43,45,3,1,1,0,200
28,11,38,3,1,1,1,200
41,31,69,3,2,0,1,200
37,53,50,3,2,1,0,200
40,20,76,4,1,1,1,200
49,20,90,3,1,1,1,200
35,29,30,2,1,0,1,200
28,23,54,2,2,0,1,200
33,40,60,4,2,2,1,200
20,33,26,3,1,0,0,200
12,27,26,2,1,1,0,200
22,15,28,4,2,1,1,200
27,13,43,4,2,1,1,200
22,8,28,2,1,0,1,200
28,23,49,3,1,1,1,200
15,35,23,3,2,1,0,200
53,52,73,4,1,1,1,200
39,27,65,2,2,1,1,200
36,26,64,3,1,0,1,200
41,29,65,3,2,1,1,200
20,28,23,2,2,2,0,200
16,28,20,3,2,1,0,200
16,37,23,4,2,1,0,200
28,7,33,3,1,1,1,200
21,35,33,2,1,1,0,200
19,33,31,3,1,1,0,200
33,25,52,3,2,1,1,200
22,44,42,3,2,2,0,200
37,15,53,4,2,2,1,200
27,16,27,5,2,1,1,200
16,8,19,3,2,2,1,200
21,29,34,4,2,1,0,200
17,7,27,1,1,1,1,200
17,8,14,4,2,1,1,200
22,5,41,5,2,1,1,200
33,17,58,4,2,2,1,200
25,7,46,4,2,1,1,200
21,8,29,4,2,1,1,200
16,32,20,3,2,1,0,200
17,35,26,3,2,1,0,200
20,15,46,3,2,1,1,200
5,20,7,3,2,1,0,200
30,15,63,3,2,1,1,200
15,3,12,3,1,2,1,200
13,4,32,4,1,1,1,200
14,27,27,3,0,2,0,200
26,38,42,3,1,2,0,200
27,9,52,3,2,1,1,200
19,4,22,4,0,1,1,200
28,13,63,4,1,2,1,200
13,32,22,2,2,1,0,200
27,17,35,4,1,2,1,200
45,29,78,4,2,3,1,200
18,33,23,1,1,1,0,200
41,29,66,2,2,0,1,200
8,25,12,3,2,2,0,200
22,42,36,4,2,2,0,200
2,2,1,3,0,1,0,200
19,32,19,2,2,0,0,200
29,20,63,4,2,2,1,200
2,17,2,3,1,1,0,200
37,24,66,3,1,0,1,200
27,16,41,3,2,0,1,200
12,31,15,4,2,2,0,200
40,12,61,3,1,1,1,200
19,23,35,3,1,1,0,200
35,24,44,3,2,1,1,200
13,21,22,2,2,1,0,200
32,20,63,4,1,1,1,200
18,38,24,2,1,1,0,200
46,38,53,3,2,2,1,200
20,7,27,3,1,1,1,200
9,20,21,3,2,0,0,200
25,22,44,3,2,2,1,200
35,20,65,2,1,1,1,200
32,16,74,4,2,1,1,200
17,29,23,2,1,0,0,200
18,33,49,3,2,2,0,200
9,19,6,3,1,0,0,200
40,48,79,3,1,1,0,200
51,35,140,4,2,1,1,200
22,4,29,3,2,2,1,200
18,40,22,3,1,1,0,200
52,69,123,4,1,1,0,200
32,38,71,3,2,1,0,200
34,38,78,4,1,1,0,200
31,49,69,3,1,1,0,200
37,43,74,3,1,1,0,200
68,61,135,4,2,2,0,200
36,18,99,4,2,2,1,200
29,46,60,2,2,1,0,200
13,17,22,5,1,1,0,200
51,33,135,3,2,1,0,200
38,39,87,1,2,1,1,200
39,44,79,2,1,0,0,200
24,44,55,5,2,1,0,200
62,51,163,3,1,0,1,200
73,51,168,3,1,1,1,200
24,10,53,4,2,2,1,200
34,31,87,3,2,1,0,200
20,14,49,3,2,1,1,200
21,28,61,1,1,1,0,200
29,37,57,0,1,0,0,200
62,78,118,4,2,2,0,200
41,56,115,2,1,0,0,200
45,49,103,3,2,1,1,200
47,39,108,3,2,1,1,200
13,23,26,2,1,1,0,200
38,22,73,3,1,2,1,200
33,13,45,4,2,3,1,200
14,29,18,3,1,1,0,200
16,9,22,4,2,1,1,200
50,40,129,4,2,2,0,200
30,42,63,4,0,1,0,200
39,47,84,3,2,2,0,200
48,48,96,2,1,1,1,200
32,41,85,3,1,1,0,200
35,46,91,3,1,1,0,200
43,37,96,3,2,1,0,200
24,17,61,4,1,1,1,200
44,48,98,4,2,1,0,200
43,34,115,3,1,1,1,200
42,24,130,3,1,1,1,200
65,61,114,2,2,1,1,200
44,26,89,3,1,1,1,200
31,23,90,0,0,0,1,200
16,29,36,3,1,1,0,200
42,55,91,4,1,1,0,200
2,7,0,0,1,0,0,200
41,34,107,4,2,1,1,200
30,43,67,3,1,2,0,200
29,66,47,2,2,0,0,200
39,22,116,4,2,2,1,200
12,22,14,4,1,1,0,200
18,11,24,5,1,1,1,200
34,40,43,3,1,1,0,200
3,5,3,3,2,2,0,200
60,54,175,3,1,1,1,200
38,29,95,3,1,1,1,200
46,58,110,3,2,1,0,200
21,38,59,3,2,1,0,200
45,61,104,3,1,1,0,200
36,46,93,2,1,0,0,200
22,35,54,3,2,1,0,200
38,23,111,4,2,2,1,200
35,49,84,4,2,1,0,200
40,30,115,3,2,1,1,200
45,53,116,4,2,1,1,200
35,26,81,4,2,1,1,200
38,42,87,2,2,2,0,200
55,44,147,4,2,1,1,200
48,58,89,4,1,1,1,200
45,37,116,1,0,0,1,200
23,15,42,2,1,1,1,200
32,25,72,2,1,0,1,200
16,2,22,3,1,1,1,200
52,65,97,5,2,2,0,200
40,37,89,3,1,0,1,200
35,13,47,2,2,1,1,200
41,60,70,0,1,0,0,200
45,37,137,4,1,1,1,200
52,35,118,2,1,1,1,200
18,14,53,4,1,2,1,200
33,33,92,2,2,1,0,200
26,19,66,2,2,1,1,200
32,52,87,2,2,0,0,200
35,21,96,2,2,1,1,200
28,24,39,0,1,0,1,200
46,38,89,2,1,0,1,200
40,54,89,4,2,1,0,200
21,10,20,4,1,1,1,200
30,17,45,2,2,1,1,200
39,35,76,4,2,1,1,200
33,36,49,3,2,1,1,200
32,16,63,3,1,1,1,200
23,11,33,3,1,0,1,200
37,37,90,3,1,2,0,200
41,47,91,2,0,1,0,200
38,48,89,4,1,1,0,200
13,30,22,3,2,1,0,200
20,6,34,4,2,1,1,200
29,14,32,4,1,2,1,200
40,19,49,4,2,2,1,200
39,40,68,3,1,1,1,200
14,25,20,3,2,1,0,200
10,16,17,4,1,1,0,200
19,13,18,2,1,1,1,200
13,8,16,3,2,1,1,200
45,43,74,1,1,0,1,200
9,21,9,3,2,1,0,200
16,5,16,4,1,2,1,200
52,46,129,4,2,0,0,200
29,24,58,3,1,2,0,200
9,22,12,4,2,2,0,200
12,21,19,3,1,1,0,200
38,36,70,3,1,1,1,200
27,19,51,2,1,1,1,200
20,11,43,3,1,1,1,200
10,28,14,2,1,1,0,200
29,31,39,3,1,1,0,200
15,41,16,4,1,0,0,200
20,15,46,4,1,2,1,200
4,26,1,4,2,2,0,200
41,45,67,3,1,2,0,200
37,26,77,0,0,0,1,200
25,40,41,4,1,2,0,200
15,24,23,2,2,1,0,200
27,18,44,3,2,1,0,200
28,30,46,4,1,2,0,200
30,15,50,4,1,1,1,200
18,26,23,2,2,1,0,200
5,21,6,3,0,0,0,200
52,38,87,4,0,1,1,200
19,26,31,3,1,0,0,200
15,35,22,1,0,1,0,200
31,18,75,4,1,1,1,200
18,39,24,4,2,1,0,200
43,26,67,2,2,2,1,200
60,65,110,2,2,1,0,200
38,31,99,3,2,1,1,200
28,20,60,3,2,1,1,200
25,12,38,3,1,1,1,200
16,22,28,3,2,0,0,200
17,8,28,4,2,1,1,200
29,27,64,3,2,1,1,200
29,20,64,4,2,1,1,200
20,39,24,3,1,1,0,200
20,34,33,4,2,1,0,200
26,18,48,3,2,1,1,200
10,31,12,3,1,1,0,200
6,38,7,4,1,1,0,200
25,9,35,4,1,1,1,200
24,18,67,5,2,2,1,200
43,47,53,3,2,1,0,200
21,20,34,3,2,1,1,200
47,37,65,4,1,2,0,200
24,13,48,3,2,2,1,200
59,50,137,1,1,1,0,200
7,27,5,2,2,1,0,200
32,27,61,4,2,1,1,200
37,28,75,3,1,0,1,200
20,35,16,2,2,1,0,200
6,22,16,4,1,1,0,200
36,25,74,2,2,0,1,200
17,3,22,4,1,2,1,200
16,14,25,3,1,2,1,200
31,36,93,2,2,1,0,200
35,13,61,4,1,1,1,200
25,28,45,4,2,2,0,200
9,12,11,3,2,1,0,200
21,31,46,3,1,0,0,200
76,46,80,4,1,2,1,200
70,42,68,3,2,2,1,200
37,15,64,3,2,1,1,200
25,18,52,2,2,1,1,200
35,17,68,2,1,1,1,200
29,37,60,3,1,0,0,200
37,17,41,1,1,1,1,200
21,18,49,5,2,0,1,200
25,9,34,4,2,1,1,200
8,15,11,4,0,1,0,200
28,31,57,3,1,1,0,200
24,21,35,3,1,2,0,200
29,15,47,4,1,2,1,200
39,28,49,3,1,1,1,200
26,6,39,4,2,2,1,200
34,23,66,4,2,1,1,200
14,33,25,2,1,1,0,200
14,34,14,2,2,1,0,200
43,17,49,3,2,1,1,200
18,31,40,3,2,1,0,200
7,23,9,3,1,2,0,200
27,11,51,4,1,1,1,200
38,55,23,2,2,1,0,200
34,20,42,3,2,1,1,200
16,32,17,4,1,1,0,200
27,5,58,3,2,1,1,200
27,15,45,4,2,2,1,200
45,33,106,3,1,1,1,200
30,16,45,2,0,0,1,200
24,34,45,0,0,0,0,200
3,21,2,0,0,0,0,200
19,13,25,0,0,0,1,200
5,19,5,0,0,0,0,200
29,25,43,0,0,0,0,200
28,27,43,0,0,0,0,200
27,19,42,0,0,0,1,200
33,14,66,0,0,0,1,200
33,11,63,0,0,0,1,200
14,32,20,0,0,0,0,200
23,37,31,0,0,0,0,200
19,32,25,0,0,0,0,200
30,21,54,0,0,0,1,200
16,28,17,0,0,0,0,200
5,16,6,0,0,0,0,200
7,15,9,0,0,0,0,200
19,34,18,0,0,0,0,200
19,38,33,0,0,0,0,200
11,23,14,0,0,0,0,200
12,15,11,0,0,0,0,200
2,12,2,0,0,0,0,200
21,13,31,0,0,0,1,200
22,41,22,0,0,0,0,200
7,31,4,0,0,0,0,200
7,22,6,0,0,0,0,200
34,19,55,0,0,0,1,200
39,36,76,0,0,0,1,200
18,30,38,0,0,0,0,200
13,25,19,0,0,0,0,200
12,25,15,0,0,0,0,200
34,11,52,0,0,0,1,200
23,36,38,0,0,0,0,200
24,24,38,0,0,0,0,200
39,38,78,0,0,0,1,200
25,7,30,0,0,0,1,200
30,43,48,0,0,0,0,200
18,13,20,0,0,0,1,200
20,5,28,0,0,0,1,200
9,45,10,0,0,0,0,200
45,53,68,0,0,0,0,200
32,44,35,0,0,0,0,200
19,12,27,0,0,0,1,200
31,17,47,0,0,0,1,200
5,15,7,0,0,0,0,200
36,22,67,0,0,0,1,200
12,18,9,0,0,0,0,200
40,37,78,0,0,0,1,200
43,33,84,0,0,0,1,200
17,29,32,0,0,0,0,200
11,25,13,0,0,0,0,200
34,34,52,0,0,0,0,200
36,26,59,0,0,0,1,200
17,20,26,0,0,0,0,200
14,30,17,0,0,0,0,200
26,14,47,0,0,0,1,200
21,26,37,0,0,0,0,200
29,8,29,0,0,0,1,200
45,31,62,0,0,0,1,200
15,20,25,0,0,0,0,200
25,17,45,0,0,0,1,200
27,34,34,0,0,0,0,200
18,26,21,0,0,0,0,200
6,11,4,0,0,0,0,200
32,16,56,0,0,0,1,200
8,15,7,0,0,0,0,200
21,21,37,0,0,0,1,200
40,18,63,0,0,0,1,200
31,27,53,0,0,0,1,200
22,13,38,0,0,0,1,200
30,9,32,0,0,0,1,200
41,26,59,0,0,0,1,200
36,38,65,0,0,0,1,200
30,19,48,0,0,0,1,200
20,25,24,0,0,0,0,200
25,16,44,0,0,0,1,200
9,27,14,0,0,0,0,200
25,29,47,0,0,0,1,200
39,15,50,0,0,0,1,200
30,39,45,0,0,0,0,200
11,37,16,0,0,0,0,200
29,32,58,0,0,0,1,200
17,24,22,0,0,0,0,200
13,25,22,0,0,0,0,200
7,19,5,0,0,0,0,200
8,18,13,0,0,0,0,200
6,22,8,0,0,0,0,200
6,24,6,0,0,0,0,200
5,26,8,0,0,0,0,200
16,27,22,0,0,0,0,200
40,32,65,0,0,0,1,200
24,9,36,0,0,0,1,200
3,4,3,0,0,0,1,200
15,24,21,0,0,0,0,200
20,15,25,0,0,0,1,200
16,23,26,0,0,0,0,200
5,20,4,0,0,0,0,200
19,27,26,0,0,0,0,200
30,16,38,0,0,0,1,200
21,32,38,0,0,0,0,200
33,26,67,0,0,0,1,200
33,27,55,0,0,0,1,200
39,27,61,0,0,0,1,200
38,16,78,0,0,0,1,200
48,22,59,0,0,0,1,200
20,22,27,0,0,0,1,200
13,6,19,0,0,0,1,200
26,34,29,0,0,0,0,200
33,9,49,0,0,0,1,200
15,36,22,0,0,0,0,200
27,40,45,0,0,0,0,200
15,36,25,0,0,0,0,200
18,32,32,0,0,0,0,200
20,40,24,0,0,0,0,200
26,11,36,0,0,0,1,200
0,1,0,0,0,0,0,200
12,24,20,0,0,0,0,200
39,40,69,0,0,0,0,200
38,25,80,0,0,0,1,200
20,39,39,0,0,0,0,200
19,9,32,0,0,0,1,200
21,9,31,0,0,0,1,200
25,47,47,0,0,0,0,200
52,24,71,0,0,0,1,200
29,14,38,0,0,0,1,200
32,22,70,0,0,0,1,200
43,50,108,0,0,0,0,200
29,48,49,0,0,0,0,200
34,23,42,0,0,0,1,200
19,30,32,0,0,0,0,200
16,25,18,0,0,0,0,200
45,54,119,0,0,0,0,200
39,26,61,0,0,0,1,200
32,39,48,0,0,0,0,200
43,19,86,0,0,0,1,200
16,42,23,0,0,0,0,200
61,44,162,0,0,0,1,200
43,39,80,0,0,0,1,200
15,30,30,0,0,0,0,200
23,40,29,0,0,0,0,200
24,19,54,0,0,0,1,200
7,18,5,0,0,0,0,200
30,15,49,0,0,0,1,200
23,17,44,0,0,0,1,200
39,37,70,0,0,0,1,200
52,52,126,0,0,0,0,200
27,16,83,0,0,0,1,200
28,9,25,0,0,0,1,200
23,42,33,0,0,0,0,200
32,44,42,0,0,0,0,200
34,17,68,0,0,0,1,200
22,36,30,0,0,0,0,200
34,48,47,0,0,0,0,200
11,23,13,0,0,0,0,200
40,9,69,0,0,0,1,200
17,33,19,0,0,0,0,200
22,46,47,0,0,0,0,200
28,30,67,0,0,0,1,200
16,21,19,0,0,0,0,200
29,44,47,0,0,0,0,200
19,34,38,0,0,0,0,200
23,5,44,0,0,0,1,200
9,23,13,0,0,0,0,200
11,25,19,0,0,0,0,200
38,7,28,0,0,0,1,200
24,15,39,0,0,0,1,200
39,30,93,0,0,0,1,200
40,29,42,0,0,0,1,200
39,23,60,0,0,0,1,200
25,16,48,0,0,0,1,200
30,41,48,0,0,0,0,200
19,30,43,0,0,0,0,200
20,39,24,0,0,0,0,200
20,34,33,0,0,0,0,200
11,21,18,0,0,0,0,200
25,33,46,0,0,0,1,200
22,6,22,0,0,0,1,200
41,38,61,0,0,0,1,200
10,7,26,0,0,0,1,200
16,32,16,0,0,0,0,200
50,27,77,0,0,0,1,200
33,31,53,0,0,0,0,200
16,30,31,0,0,0,0,200
32,25,46,0,0,0,1,200
9,19,12,0,0,0,0,200
23,8,38,0,0,0,1,200
19,32,26,0,0,0,0,200
37,31,76,0,0,0,0,200
14,7,20,0,0,0,1,200
54,22,86,0,0,0,1,200
24,35,34,0,0,0,0,200
9,21,12,0,0,0,0,200
1,3,1,0,0,0,0,200
13,19,21,0,0,0,0,200
18,38,35,0,0,0,0,200
33,16,56,0,0,0,1,200
12,31,23,0,0,0,0,200
40,19,49,0,0,0,1,200
10,20,18,0,0,0,0,200
34,23,46,0,0,0,1,200
9,24,9,0,0,0,0,200
37,29,60,0,0,0,1,200
21,12,24,0,0,0,1,200
9,19,11,0,0,0,0,200
19,27,33,0,0,0,0,200
12,24,21,0,0,0,0,200
21,41,41,0,0,0,0,200
11,32,22,0,0,0,0,200
28,14,45,0,0,0,1,200
29,32,50,0,0,0,1,200
16,33,32,0,0,0,0,200
23,17,48,0,0,0,1,200
10,26,12,0,0,0,0,200
26,10,49,0,0,0,1,200
23,14,45,0,0,0,1,200
7,20,5,0,0,0,0,200
9,23,10,0,0,0,0,200
22,40,38,0,0,0,0,200
36,17,69,0,0,0,1,200
9,16,15,0,0,0,0,200
32,24,78,0,0,0,1,200
8,14,8,0,0,0,0,200
9,19,8,0,0,0,0,200
21,14,28,0,0,0,1,200
20,11,26,0,0,0,1,200
1,0,1,0,0,0,1,200
23,37,39,0,0,0,0,200
11,20,14,0,0,0,0,200
43,22,91,0,0,0,1,200
17,10,35,0,0,0,1,200
12,20,15,0,0,0,0,200
18,33,24,0,0,0,0,200
11,23,18,0,0,0,0,200
6,27,10,0,0,0,0,200
23,31,50,0,0,0,0,200
21,30,28,0,0,0,0,200
19,27,36,0,0,0,0,200
5,16,1,0,0,0,0,200
6,23,9,0,0,0,0,200
25,8,31,0,0,0,1,200
17,5,33,0,0,0,1,200
30,15,35,0,0,0,1,200
22,6,31,0,0,0,1,200
18,6,25,0,0,0,1,200
14,23,29,0,0,0,0,200
24,6,23,0,0,0,1,200
38,27,70,0,0,0,1,200
28,33,67,0,0,0,0,200
29,20,44,0,0,0,1,200
4,28,7,0,0,0,0,200
17,25,24,0,0,0,0,200
14,30,20,0,0,0,0,200
10,24,14,0,0,0,0,200
13,27,20,0,0,0,0,200
21,36,41,0,0,0,0,200
13,24,11,0,0,0,0,200
21,28,37,0,0,0,0,200
34,39,48,0,0,0,0,200
21,31,29,0,0,0,0,200
13,29,18,0,0,0,0,200
13,3,19,0,0,0,1,200
30,24,54,0,0,0,1,200
30,20,60,0,0,0,1,200
32,32,57,0,0,0,0,200
5,17,4,0,0,0,0,200
10,22,5,0,0,0,0,200
24,9,30,0,0,0,1,200
30,14,40,0,0,0,1,200
38,24,59,0,0,0,1,200
10,26,13,0,0,0,0,200
12,43,10,0,0,0,0,200
9,25,8,0,0,0,0,200
23,9,47,0,0,0,1,200
20,29,25,0,0,0,0,200
15,20,25,0,0,0,0,200
4,16,5,0,0,0,0,200
8,15,12,0,0,0,0,200
15,25,19,0,0,0,0,200
37,21,63,0,0,0,1,200
19,2,20,0,0,0,1,200
22,8,27,0,0,0,1,200
16,10,21,0,0,0,1,200
36,34,57,0,0,0,0,200
27,14,37,0,0,0,1,200
25,45,54,0,0,0,0,200
21,21,37,0,0,0,1,200
39,25,59,0,0,0,1,200
25,17,35,0,0,0,1,200
27,27,48,0,0,0,1,200
12,42,23,0,0,0,0,200
34,11,46,0,0,0,1,200
33,32,55,0,0,0,0,200
35,14,46,0,0,0,1,200
30,15,73,0,0,0,1,200
31,15,61,0,0,0,1,200
34,28,80,0,0,0,1,200
21,50,38,0,0,0,0,200
20,8,37,0,0,0,1,200
15,27,17,0,0,0,0,200
15,28,23,0,0,0,0,200
31,21,61,0,0,0,1,200
42,23,62,0,0,0,1,200
26,52,31,0,0,0,0,200
2,0,1,0,0,0,1,200
17,25,34,0,0,0,0,200
7,20,10,0,0,0,0,200
33,22,69,0,0,0,1,200
23,12,37,0,0,0,1,200
15,29,31,0,0,0,0,200
17,32,15,0,0,0,0,200
35,18,60,0,0,0,1,200
33,17,65,0,0,0,1,200
23,4,28,0,0,0,1,200
36,42,80,0,0,0,0,200
25,15,27,0,0,0,1,200
25,29,44,0,0,0,0,200
20,6,34,0,0,0,1,200
32,11,56,0,0,0,1,200
33,14,66,0,0,0,1,200
19,27,18,0,0,0,0,200
35,26,51,0,0,0,1,200
40,28,58,0,0,0,1,200
32,26,53,0,0,0,1,200
35,29,58,0,0,0,1,200
34,39,48,0,0,0,0,200
16,20,36,0,0,0,0,200
18,32,17,0,0,0,0,200
17,25,19,0,0,0,0,200
21,31,32,0,0,0,0,200
36,31,69,0,0,0,1,200
6,20,7,0,0,0,0,200
42,17,53,0,0,0,1,200
42,28,79,0,0,0,1,200
33,25,75,0,0,0,1,200
31,22,44,0,0,0,1,200
22,37,47,0,0,0,0,200
26,8,29,0,0,0,1,200
35,21,59,0,0,0,1,200
20,36,24,0,0,0,0,200
30,30,44,0,0,0,0,200
41,30,69,0,0,0,1,200
15,36,20,0,0,0,0,200
35,21,49,0,0,0,1,200
24,38,32,0,0,0,0,200
12,23,12,0,0,0,0,200
20,33,26,0,0,0,0,200
12,27,26,0,0,0,0,200
26,20,41,0,0,0,1,200
40,21,90,0,0,0,1,200
34,16,55,0,0,0,1,200
42,23,62,0,0,0,1,200
42,27,44,0,0,0,1,200
11,30,9,0,0,0,0,200
30,20,65,0,0,0,1,200
40,21,57,0,0,0,1,200
32,17,48,0,0,0,1,200
8,27,5,0,0,0,0,200
25,33,34,0,0,0,0,200
16,24,25,0,0,0,0,200
53,53,78,0,0,0,0,200
37,26,75,0,0,0,1,200
39,20,50,0,0,0,1,200
14,22,24,0,0,0,0,200
26,15,40,0,0,0,1,200
19,8,16,0,0,0,1,200
10,22,11,0,0,0,0,200
18,28,25,0,0,0,0,200
27,24,45,0,0,0,1,200
23,17,31,0,0,0,1,200
25,11,28,0,0,0,1,200
40,38,83,0,0,0,0,200
24,36,49,0,0,0,0,200
36,34,68,0,0,0,1,200
47,16,82,0,0,0,1,200
24,30,41,0,0,0,0,200
5,2,7,0,0,0,1,200
15,23,39,0,0,0,0,200
30,31,52,0,0,0,0,200
33,26,48,0,0,0,1,200
35,17,43,0,0,0,1,200
32,16,64,0,0,0,1,200
24,8,29,0,0,0,1,200
33,20,60,0,0,0,1,200
12,31,21,0,0,0,0,200
27,13,67,0,0,0,1,200
44,24,43,0,0,0,1,200
56,22,50,0,0,0,1,200
38,20,57,0,0,0,1,200
37,26,75,0,0,0,1,200
20,39,39,0,0,0,0,200
31,16,48,0,0,0,1,200
19,28,35,0,0,0,0,200
35,31,54,0,0,0,1,200
28,20,44,0,0,0,1,200
21,33,28,0,0,0,0,200
28,7,41,0,0,0,1,200
11,6,10,0,0,0,1,200
30,27,58,0,0,0,1,200
8,35,11,0,0,0,0,200
57,48,92,0,0,0,1,200
32,27,61,0,0,0,1,200
34,29,53,0,0,0,1,200
26,9,31,0,0,0,1,200
13,27,12,0,0,0,0,200
20,35,31,0,0,0,0,200
10,29,11,0,0,0,0,200
40,22,59,0,0,0,1,200
14,23,16,0,0,0,0,200
10,16,18,0,0,0,0,200
18,7,23,0,0,0,1,200
9,28,12,0,0,0,0,200
21,16,31,0,0,0,1,200
10,30,15,0,0,0,0,200
10,33,9,0,0,0,0,200
36,18,49,0,0,0,1,200
31,16,59,0,0,0,1,200
16,3,23,0,0,0,1,200
16,5,18,0,0,0,1,200
39,29,58,0,0,0,1,200
10,23,13,0,0,0,0,200
7,19,10,0,0,0,0,200
23,30,45,0,0,0,0,200
28,29,48,0,0,0,0,200
31,41,47,0,0,0,0,200
32,26,48,0,0,0,0,200
7,26,12,0,0,0,0,200
29,17,43,0,0,0,1,200
37,31,78,0,0,0,1,200
47,44,106,0,0,0,1,200
36,13,56,0,0,0,1,200
32,23,71,0,0,0,1,200
20,24,42,0,0,0,0,200
11,25,16,0,0,0,0,200
28,44,45,0,0,0,0,200
9,20,12,0,0,0,0,200
15,26,28,0,0,0,0,200
26,30,52,0,0,0,0,200
15,37,18,0,0,0,0,200
30,14,40,0,0,0,1,200
24,33,40,0,0,0,0,200
19,9,23,0,0,0,1,200
31,28,37,0,0,0,0,200
27,18,44,0,0,0,0,200
32,13,56,0,0,0,1,200
12,23,16,0,0,0,0,200
30,39,50,0,0,0,0,200
18,26,24,0,0,0,0,200
19,14,32,0,0,0,1,200
41,23,65,0,0,0,1,200
22,35,41,0,0,0,0,200
24,30,47,0,0,0,1,200
15,10,25,0,0,0,1,200
33,15,53,0,0,0,1,200
10,18,14,0,0,0,0,200
23,25,43,0,0,0,1,200
34,17,44,0,0,0,1,200
26,5,27,0,0,0,1,200
6,19,12,0,0,0,0,200
18,32,26,0,0,0,0,200
21,24,24,0,0,0,0,200
14,19,21,0,0,0,0,200
30,19,39,0,0,0,1,200
26,11,34,0,0,0,1,200
5,22,5,0,0,0,0,200
31,32,39,0,0,0,1,200
21,21,33,0,0,0,1,200
22,7,42,0,0,0,1,200
7,29,11,0,0,0,0,200
18,9,24,0,0,0,1,200
40,26,60,0,0,0,1,200
21,31,26,0,0,0,0,200
8,29,11,0,0,0,0,200
20,25,32,0,0,0,0,200
12,26,14,0,0,0,0,200
14,9,30,0,0,0,1,200
6,24,9,0,0,0,0,200
14,22,24,0,0,0,0,200
21,32,30,0,0,0,0,200
7,23,15,0,0,0,0,200
23,44,47,0,0,0,0,200
30,21,63,0,0,0,1,200
24,10,40,0,0,0,1,200
34,33,55,0,0,0,1,200
15,47,23,0,0,0,0,200
33,20,44,0,0,0,1,200
28,17,54,0,0,0,1,200
19,4,19,0,0,0,1,200
27,13,54,0,0,0,1,200
17,32,31,0,0,0,0,200
35,15,70,0,0,0,1,200
28,16,47,0,0,0,1,200
27,25,51,0,0,0,0,200
13,20,18,0,0,0,0,200
28,20,61,0,0,0,1,200
15,26,15,0,0,0,0,200
21,28,25,0,0,0,0,200
18,26,34,0,0,0,0,200
31,13,46,0,0,0,1,200
10,27,11,0,0,0,0,200
32,9,30,0,0,0,1,200
10,18,14,0,0,0,0,200
14,6,17,0,0,0,1,200
41,25,56,0,0,0,1,200
27,23,58,0,0,0,1,200
25,29,44,0,0,0,0,200
26,35,39,0,0,0,0,200
16,34,19,0,0,0,0,200
12,28,10,0,0,0,0,200
35,11,59,0,0,0,1,200
37,28,50,0,0,0,1,200
16,34,29,0,0,0,0,200
69,68,127,0,0,0,1,200
23,32,61,0,0,0,0,200
31,37,79,0,0,0,0,200
42,42,111,0,0,0,0,200
25,12,46,0,0,0,1,200
15,17,18,0,0,0,0,200
23,3,25,0,0,0,1,200
11,23,17,0,0,0,0,200
15,24,19,0,0,0,0,200
31,38,49,0,0,0,0,200
38,23,46,0,0,0,1,200
11,32,20,0,0,0,0,200
26,20,36,0,0,0,1,200
14,6,23,0,0,0,1,200
36,22,60,0,0,0,1,200
15,28,17,0,0,0,0,200
25,50,50,0,0,0,0,200
32,28,66,0,0,0,0,200
23,18,33,0,0,0,0,200
7,18,5,0,0,0,0,200
13,27,27,0,0,0,0,200
33,32,55,0,0,0,1,200
5,19,2,0,0,0,0,200
22,21,46,0,0,0,1,200
25,18,47,0,0,0,1,200
24,37,39,0,0,0,0,200
10,16,17,0,0,0,0,200
21,33,40,0,0,0,0,200
29,38,54,0,0,0,0,200
26,36,51,0,0,0,0,200
22,11,39,0,0,0,1,200
15,8,22,0,0,0,1,200
27,17,65,0,0,0,1,200
5,17,7,0,0,0,0,200
26,17,45,0,0,0,1,200
7,29,8,0,0,0,0,200
6,0,10,0,0,0,1,200
21,15,48,0,0,0,1,200
35,46,87,0,0,0,0,200
77,71,155,0,0,0,1,200
37,41,94,0,0,0,0,200
25,27,39,0,0,0,0,200
13,35,18,0,0,0,0,200
20,41,35,0,0,0,0,200
31,38,74,0,0,0,0,200
22,35,30,0,0,0,0,200
7,28,3,0,0,0,0,200
26,30,39,0,0,0,0,200
18,32,29,0,0,0,0,200
25,37,58,0,0,0,0,200
42,50,69,0,0,0,0,200
31,16,35,0,0,0,1,200
24,5,41,0,0,0,1,200
32,19,56,0,0,0,1,200
19,6,19,0,0,0,1,200
21,31,40,0,0,0,0,200
15,28,34,0,0,0,0,200
24,13,23,0,0,0,1,200
29,8,37,0,0,0,1,200
26,16,35,0,0,0,1,200
37,35,65,0,0,0,1,200
12,12,12,0,0,0,0,200
19,24,34,0,0,0,0,200
19,10,23,0,0,0,1,200
18,34,31,0,0,0,0,200
28,9,34,0,0,0,1,200
24,15,41,0,0,0,1,200
38,35,45,0,0,0,1,200
15,29,16,0,0,0,0,200
26,14,38,0,0,0,1,200
15,22,31,0,0,0,0,200
22,7,37,0,0,0,1,200
22,29,38,0,0,0,0,200
11,30,12,0,0,0,0,200
22,39,34,0,0,0,0,200
12,28,16,0,0,0,0,200
21,16,32,0,0,0,1,200
11,25,12,0,0,0,0,200
12,12,13,0,0,0,0,200
38,18,70,0,0,0,1,200
39,24,61,0,0,0,1,200
29,20,61,0,0,0,1,200
47,23,57,0,0,0,1,200
42,34,89,0,0,0,1,200
30,48,68,0,0,0,0,200
53,36,134,0,0,0,1,200
25,22,60,0,0,0,1,200
32,41,68,0,0,0,0,200
13,25,18,0,0,0,0,200
29,31,44,0,0,0,0,200
46,25,68,0,0,0,1,200
32,30,53,0,0,0,0,200
34,19,51,0,0,0,1,200
20,36,32,0,0,0,0,200
27,16,29,0,0,0,1,200
8,20,13,0,0,0,0,200
38,19,71,0,0,0,1,200
42,21,60,0,0,0,1,200
25,35,37,0,0,0,0,200
39,22,62,0,0,0,1,200
25,32,47,0,0,0,0,200
20,11,27,0,0,0,1,200
46,34,62,0,0,0,1,200
16,9,17,0,0,0,1,200
17,37,16,0,0,0,0,200
16,25,28,0,0,0,0,200
28,12,40,0,0,0,1,200
53,19,89,0,0,0,1,200
56,25,89,0,0,0,1,200
35,28,66,0,0,0,1,200
19,38,28,0,0,0,0,200
13,49,19,0,0,0,0,200
33,30,62,0,0,0,0,200
19,33,26,0,0,0,0,200
19,31,32,0,0,0,0,200
24,11,36,0,0,0,1,200
20,40,24,0,0,0,0,200
27,18,55,0,0,0,1,200
37,12,57,0,0,0,1,200
33,25,53,0,0,0,1,200
24,17,63,0,0,0,1,200
15,8,15,0,0,0,1,200
33,36,50,0,0,0,0,200
29,34,46,0,0,0,0,200
27,13,20,0,0,0,1,200
6,19,6,0,0,0,0,200
48,23,75,0,0,0,1,200
17,5,19,0,0,0,1,200
37,26,61,0,0,0,1,200
23,8,17,0,0,0,1,200
54,15,52,0,0,0,1,200
40,29,55,0,0,0,1,200
12,36,10,0,0,0,0,200
21,9,33,0,0,0,1,200
40,23,59,0,0,0,1,200
17,8,21,0,0,0,1,200
21,6,32,0,0,0,1,200
15,21,22,0,0,0,0,200
30,16,33,0,0,0,1,200
11,31,14,0,0,0,0,200
30,34,31,0,0,0,1,200
49,32,90,0,0,0,1,200
42,34,50,0,0,0,1,200
34,19,45,0,0,0,1,200
51,17,78,0,0,0,1,200
36,57,68,0,0,0,0,200
1,0,1,0,0,0,0,200
18,30,29,0,0,0,0,200
22,8,37,0,0,0,1,200
34,41,68,0,0,0,0,200
20,40,22,0,0,0,0,200
36,33,55,0,0,0,1,200
26,49,29,0,0,0,0,200
27,10,22,0,0,0,1,200
35,14,46,0,0,0,1,200
12,17,16,0,0,0,0,200
11,22,20,0,0,0,0,200
21,9,22,0,0,0,1,200
33,21,65,0,0,0,1,200
20,36,30,0,0,0,0,200
30,26,55,0,0,0,1,200
29,24,66,0,0,0,1,200
14,29,22,0,0,0,0,200
11,29,18,0,0,0,0,200
43,52,86,0,0,0,0,200
33,39,66,0,0,0,0,200
6,15,8,0,0,0,0,200
3,25,5,0,0,0,0,200
31,11,49,0,0,0,1,200
7,21,11,0,0,0,0,200
22,15,28,0,0,0,1,200
46,19,50,0,0,0,1,200
10,27,11,0,0,0,0,200
40,21,57,0,0,0,1,200
10,27,15,0,0,0,0,200
25,33,34,0,0,0,0,200
18,29,24,0,0,0,0,200
26,10,46,0,0,0,1,200
13,40,17,0,0,0,0,200
22,39,33,0,0,0,0,200
15,27,28,0,0,0,0,200
41,21,69,0,0,0,1,200
19,31,31,0,0,0,0,200
23,13,43,0,0,0,1,200
13,29,14,0,0,0,0,200
39,29,70,0,0,0,1,200
31,36,44,0,0,0,1,200
39,21,64,0,0,0,1,200
31,38,47,0,0,0,0,200
46,34,86,0,0,0,1,200
43,48,59,0,0,0,0,200
4,23,3,0,0,0,0,200
29,43,60,0,0,0,0,200
44,37,74,0,0,0,1,200
5,16,6,0,0,0,0,200
38,40,53,0,0,0,0,200
16,34,19,0,0,0,0,200
10,39,16,0,0,0,0,200
19,36,44,0,0,0,0,200
32,47,34,0,0,0,0,200
12,23,16,0,0,0,0,200
9,29,9,0,0,0,0,200
6,28,10,0,0,0,0,200
17,9,31,0,0,0,1,200
27,8,62,0,0,0,1,200
4,18,9,0,0,0,0,200
17,34,34,0,0,0,0,200
23,41,34,0,0,0,0,200
10,5,22,0,0,0,1,200
10,21,23,0,0,0,0,200
40,22,57,0,0,0,1,200
31,30,74,0,0,0,1,200
55,48,74,0,0,0,1,200
51,56,81,0,0,0,0,200
53,47,80,0,0,0,1,200
13,34,19,0,0,0,0,200
19,4,29,0,0,0,1,200
5,22,12,0,0,0,0,200
13,8,16,0,0,0,1,200
27,12,35,0,0,0,1,200
29,29,59,0,0,0,1,200
32,44,72,0,0,0,0,200
10,33,9,0,0,0,0,200
33,36,57,0,0,0,0,200
15,40,25,0,0,0,0,200
47,31,71,0,0,0,1,200
42,14,69,0,0,0,1,200
18,11,18,0,0,0,1,200
41,18,81,0,0,0,1,200
41,27,57,0,0,0,1,200
40,32,89,0,0,0,1,200
22,27,31,0,0,0,0,200
28,10,33,0,0,0,1,200
16,32,27,0,0,0,0,200
44,50,66,0,0,0,1,200
57,48,91,0,0,0,1,200
20,11,21,0,0,0,1,200
45,31,92,0,0,0,1,200
17,34,32,0,0,0,0,200
18,23,28,0,0,0,0,200
11,6,22,0,0,0,1,200
33,40,60,0,0,0,1,200
20,33,26,0,0,0,0,200
66,52,141,0,0,0,1,200
40,36,58,0,0,0,1,200
27,34,47,0,0,0,0,200
9,17,8,0,0,0,0,200
9,18,11,0,0,0,0,200
22,39,33,0,0,0,0,200
28,18,35,0,0,0,1,200
19,31,31,0,0,0,0,200
19,4,26,0,0,0,1,200
23,7,24,0,0,0,1,200
39,29,70,0,0,0,1,200
39,13,67,0,0,0,1,200
29,23,60,0,0,0,1,200
11,39,15,0,0,0,0,200
38,25,75,0,0,0,1,200
39,29,61,0,0,0,1,200
44,41,87,0,0,0,1,200
46,55,112,0,0,0,0,200
32,34,68,0,0,0,0,200
33,14,59,0,0,0,1,200
16,24,20,0,0,0,0,200
5,23,6,0,0,0,0,200
31,18,61,0,0,0,1,200
39,28,83,0,0,0,1,200
21,11,26,0,0,0,1,200
20,49,39,0,0,0,0,200
18,34,26,0,0,0,0,200
17,5,22,0,0,0,1,200
33,39,52,0,0,0,0,200
0,0,0,0,0,0,1,200
33,18,46,0,0,0,1,200
24,32,37,0,0,0,0,200
24,10,45,0,0,0,1,200
8,15,10,0,0,0,0,200
32,25,46,0,0,0,1,200
23,32,37,0,0,0,0,200
27,13,49,0,0,0,1,200
6,14,5,0,0,0,0,200
18,3,26,0,0,0,1,200
22,36,43,0,0,0,0,200
34,19,51,0,0,0,1,200
35,16,48,0,0,0,1,200
12,22,12,0,0,0,0,200
16,42,18,0,0,0,0,200
19,27,36,0,0,0,0,200
28,21,42,0,0,0,1,200
31,21,61,0,0,0,1,200
46,30,83,0,0,0,1,200
29,16,47,0,0,0,1,200
2,0,1,0,0,0,1,200
44,45,63,0,0,0,0,200
28,14,50,0,0,0,1,200
43,21,59,0,0,0,1,200
12,31,9,0,0,0,0,200
29,15,45,0,0,0,1,200
17,12,34,0,0,0,1,200
27,15,45,0,0,0,1,200
33,43,52,0,0,0,0,200
30,29,46,0,0,0,1,200
31,24,36,0,0,0,1,200
15,25,19,0,0,0,0,200
4,23,3,0,0,0,0,200
48,19,53,0,0,0,1,200
11,34,13,0,0,0,0,200
7,23,5,0,0,0,0,200
6,26,11,0,0,0,0,200
24,12,34,0,0,0,1,200
22,40,38,0,0,0,0,200
33,5,35,0,0,0,1,200
26,44,49,0,0,0,0,200
29,13,35,0,0,0,1,200
14,8,25,0,0,0,1,200
27,17,45,0,0,0,1,200
23,40,30,0,0,0,0,200
32,30,54,0,0,0,1,200
17,44,20,0,0,0,0,200
4,20,4,0,0,0,0,200
24,10,38,0,0,0,1,200
8,30,10,0,0,0,0,200
15,32,33,0,0,0,0,200
19,27,34,0,0,0,0,200
19,39,22,0,0,0,0,200
30,19,42,0,0,0,1,200
44,27,82,0,0,0,1,200
38,19,64,0,0,0,1,200
50,50,102,0,0,0,1,200
31,6,51,0,0,0,1,200
42,18,67,0,0,0,1,200
30,15,64,0,0,0,1,200
24,32,43,0,0,0,0,200
40,26,80,0,0,0,1,200
29,29,72,0,0,0,1,200
38,19,66,0,0,0,1,200
14,30,22,0,0,0,0,200
15,32,8,0,0,0,0,200
4,10,4,0,0,0,0,200
29,39,62,0,0,0,0,200
30,18,43,0,0,0,1,200
21,34,34,0,0,0,0,200
36,15,55,0,0,0,1,200
6,2,8,0,0,0,1,200
33,28,62,0,0,0,1,200
43,33,84,0,0,0,1,200
16,14,18,0,0,0,1,200
24,10,32,0,0,0,1,200
43,34,81,0,0,0,0,200
19,11,30,0,0,0,1,200
21,14,24,0,0,0,1,200
15,27,37,0,0,0,0,200
18,6,43,0,0,0,1,200
4,14,6,0,0,0,0,200
11,31,14,0,0,0,0,200
41,51,66,0,0,0,0,200
49,32,90,0,0,0,1,200
42,34,50,0,0,0,1,200
17,35,22,0,0,0,0,200
37,29,66,0,0,0,1,200
1,16,1,0,0,0,0,200
26,29,46,0,0,0,1,200
23,7,55,0,0,0,1,200
52,54,132,0,0,0,0,200
48,47,119,0,0,0,0,200
36,18,61,0,0,0,1,200
36,33,55,0,0,0,1,200
3,18,5,0,0,0,0,200
20,12,42,0,0,0,1,200
13,27,15,0,0,0,0,200
18,32,34,0,0,0,0,200
20,41,26,0,0,0,0,200
41,36,69,0,0,0,1,200
25,35,51,0,0,0,1,200
56,38,126,0,0,0,1,200
33,8,60,0,0,0,1,200
35,21,59,0,0,0,1,200
20,36,24,0,0,0,0,200
30,30,44,0,0,0,0,200
7,30,14,0,0,0,0,200
49,55,106,0,0,0,1,200
24,38,32,0,0,0,0,200
64,67,125,0,0,0,1,200
22,37,31,0,0,0,0,200
35,19,56,0,0,0,1,200
46,19,50,0,0,0,1,200
10,27,11,0,0,0,0,200
33,33,86,0,0,0,0,200
26,28,43,0,0,0,0,200
13,27,12,0,0,0,0,200
49,29,73,0,0,0,1,200
21,29,39,0,0,0,0,200
21,14,48,0,0,0,1,200
13,31,27,0,0,0,0,200
31,40,58,0,0,0,0,200
35,27,75,0,0,0,1,200
16,33,23,0,0,0,0,200
24,39,28,0,0,0,0,200
12,26,19,0,0,0,0,200
21,6,32,0,0,0,1,200
25,19,52,0,0,0,1,200
3,14,4,0,0,0,0,200
31,44,61,0,0,0,0,200
20,7,33,0,0,0,1,200
18,24,25,0,0,0,0,200
16,24,22,0,0,0,0,200
31,30,41,0,0,0,0,200
18,29,38,0,0,0,0,200
6,25,4,0,0,0,0,200
43,49,76,0,0,0,0,200
39,14,48,0,0,0,1,200
31,11,22,0,0,0,1,200
3,10,3,0,0,0,0,200
21,35,39,0,0,0,0,200
19,25,15,0,0,0,0,200
38,21,72,0,0,0,1,200
5,31,6,0,0,0,0,200
44,16,55,0,0,0,1,200
10,20,16,0,0,0,0,200
17,30,21,0,0,0,0,200
10,38,16,0,0,0,0,200
25,15,54,0,0,0,1,200
29,15,60,0,0,0,1,200
34,20,70,0,0,0,1,200
11,15,6,0,0,0,0,200
20,30,39,0,0,0,0,200
20,9,20,0,0,0,1,200
17,17,35,0,0,0,1,200
13,25,17,0,0,0,0,200
29,14,50,0,0,0,1,200
3,23,1,0,0,0,0,200
26,4,28,0,0,0,1,200
9,25,13,0,0,0,0,200
28,11,47,0,0,0,1,200
6,35,13,0,0,0,0,200
18,13,29,0,0,0,1,200
9,23,7,0,0,0,0,200
28,12,45,0,0,0,1,200
37,24,70,0,0,0,1,200
13,36,19,0,0,0,0,200
29,22,57,0,0,0,1,200
17,35,19,0,0,0,0,200
22,8,30,0,0,0,1,200
19,20,35,0,0,0,1,200
22,15,48,0,0,0,1,200
45,27,73,0,0,0,1,200
32,27,47,0,0,0,0,200
5,19,4,0,0,0,0,200
5,14,7,0,0,0,0,200
26,32,48,0,0,0,0,200
31,43,49,0,0,0,0,200
25,33,45,0,0,0,0,200
33,4,32,0,0,0,1,200
32,15,44,0,0,0,1,200
11,30,22,0,0,0,0,200
10,33,18,0,0,0,0,200
5,29,5,0,0,0,0,200
12,30,13,0,0,0,0,200
20,37,29,0,0,0,0,200
12,24,12,0,0,0,0,200
28,9,50,0,0,0,1,200
9,20,12,0,0,0,0,200
20,3,22,0,0,0,1,200
29,14,49,0,0,0,1,200
10,41,15,0,0,0,0,200
13,39,14,0,0,0,0,200
10,21,17,0,0,0,0,200
6,20,4,0,0,0,0,200
21,18,38,0,0,0,0,200
22,4,31,0,0,0,1,200
22,29,43,0,0,0,0,200
30,11,37,0,0,0,1,200
7,28,12,0,0,0,0,200
27,33,40,0,0,0,0,200
17,30,23,0,0,0,0,200
28,25,49,0,0,0,1,200
48,31,92,0,0,0,1,200
13,24,23,0,0,0,0,200
15,25,28,0,0,0,0,200
25,11,53,0,0,0,1,200
14,35,22,0,0,0,0,200
17,26,21,0,0,0,0,200
14,36,24,0,0,0,0,200
38,11,46,0,0,0,1,200
16,14,30,0,0,0,1,200
21,24,42,0,0,0,0,200
9,18,12,0,0,0,0,200
17,30,20,0,0,0,0,200
9,29,20,0,0,0,0,200
8,35,14,0,0,0,0,200
43,34,77,0,0,0,1,200
13,6,37,0,0,0,1,200
43,65,83,0,0,0,0,200
7,31,4,0,0,0,0,200
13,24,19,0,0,0,0,200
39,42,52,0,0,0,0,200
15,30,33,0,0,0,0,200
29,11,55,0,0,0,1,200
17,25,29,0,0,0,0,200
4,19,8,0,0,0,0,200
27,13,45,0,0,0,1,200
10,14,11,0,0,0,0,200
23,20,42,0,0,0,1,200
23,25,43,0,0,0,1,200
32,21,55,0,0,0,1,200
25,33,63,0,0,0,0,200
16,20,35,0,0,0,0,200
48,23,75,0,0,0,1,200
14,35,12,0,0,0,0,200
21,9,31,0,0,0,1,200
18,26,19,0,0,0,0,200
32,15,53,0,0,0,1,200
11,20,13,0,0,0,0,200
17,11,26,0,0,0,1,200
12,18,9,0,0,0,0,200
13,24,12,0,0,0,0,200
36,27,61,0,0,0,1,200
26,11,33,0,0,0,1,200
20,47,21,0,0,0,0,200
38,44,61,0,0,0,0,200
14,21,19,0,0,0,0,200
11,26,17,0,0,0,0,200
16,27,21,0,0,0,0,200
16,28,26,0,0,0,0,200
24,29,27,0,0,0,1,200
12,32,9,0,0,0,0,200
19,7,25,0,0,0,1,200
53,35,142,0,0,0,1,200
17,32,27,0,0,0,0,200
29,12,83,0,0,0,1,200
28,33,72,0,0,0,0,200
11,23,17,0,0,0,0,200
45,12,82,0,0,0,1,200
33,57,69,0,0,0,0,200
15,31,28,0,0,0,0,200
46,30,118,0,0,0,1,200
35,41,48,0,0,0,0,200
29,7,61,0,0,0,1,200
21,31,33,0,0,0,0,200
20,14,39,0,0,0,1,200
28,25,64,0,0,0,1,200
16,10,24,0,0,0,1,200
18,6,27,0,0,0,1,200
39,16,67,0,0,0,1,200
8,15,12,0,0,0,0,200
9,25,15,0,0,0,0,200
6,27,9,0,0,0,0,200
3,15,2,0,0,0,0,200
50,42,89,0,0,0,1,200
12,24,18,0,0,0,0,200
23,39,50,0,0,0,0,200
24,16,42,0,0,0,1,200
26,12,36,0,0,0,1,200
13,25,13,0,0,0,0,200
9,25,9,0,0,0,0,200
34,16,40,0,0,0,1,200
24,35,49,0,0,0,0,200
28,16,32,0,0,0,1,200
24,36,48,0,0,0,0,200
31,27,61,0,0,0,1,200
27,5,58,0,0,0,1,200
39,33,78,0,0,0,1,200
20,38,35,0,0,0,0,200
17,2,21,0,0,0,1,200
17,38,28,0,0,0,0,200
33,22,46,0,0,0,1,200
8,21,9,0,0,0,0,200
14,27,28,0,0,0,0,200
31,19,48,0,0,0,1,200
26,27,59,0,0,0,1,200
17,35,22,0,0,0,0,200
2,13,1,0,0,0,0,200
31,12,30,0,0,0,1,200
5,21,5,0,0,0,0,200
53,53,78,0,0,0,0,200
19,7,27,0,0,0,1,200
42,29,79,0,0,0,1,200
22,12,34,0,0,0,1,200
12,28,23,0,0,0,0,200
31,38,47,0,0,0,0,200
25,17,44,0,0,0,1,200
11,34,14,0,0,0,0,200
18,21,19,0,0,0,0,200
6,15,6,0,0,0,0,200
32,24,70,0,0,0,1,200
22,11,39,0,0,0,1,200
10,20,21,0,0,0,0,200
35,33,47,0,0,0,1,200
7,17,12,0,0,0,0,200
13,25,19,0,0,0,0,200
15,27,15,0,0,0,0,200
11,22,14,0,0,0,0,200
33,22,59,0,0,0,1,200
16,30,28,0,0,0,0,200
43,33,84,0,0,0,1,200
24,6,37,0,0,0,1,200
33,20,56,0,0,0,1,200
28,19,56,0,0,0,1,200
11,24,16,0,0,0,0,200
27,13,39,0,0,0,1,200
19,20,39,0,0,0,1,200
18,28,29,0,0,0,0,200
3,17,5,0,0,0,0,200
13,26,15,0,0,0,0,200
22,30,33,0,0,0,0,200
32,21,70,0,0,0,1,200
31,35,41,0,0,0,0,200
11,20,9,0,0,0,0,200
7,17,3,0,0,0,0,200
10,27,11,0,0,0,0,200
12,22,14,0,0,0,0,200
34,23,58,0,0,0,1,200
9,2,9,0,0,0,1,200
16,32,25,0,0,0,0,200
40,30,76,0,0,0,1,200
20,7,15,0,0,0,1,200
2,2,1,0,0,0,0,200
28,19,34,0,0,0,1,200
13,25,19,0,0,0,0,200
4,16,7,0,0,0,0,200
39,24,64,0,0,0,1,200
34,22,47,0,0,0,1,200
28,19,55,0,0,0,1,200
18,23,30,0,0,0,0,200
11,21,11,0,0,0,0,200
7,21,14,0,0,0,0,200
5,21,5,0,0,0,0,200
33,22,56,0,0,0,1,200
23,33,40,0,0,0,0,200
28,19,40,0,0,0,1,200
31,20,56,0,0,0,1,200
38,18,68,0,0,0,1,200
27,12,23,0,0,0,1,200
33,30,55,0,0,0,1,200
19,10,22,0,0,0,1,200
20,31,28,0,0,0,0,200
9,36,6,0,0,0,0,200
23,31,35,0,0,0,0,200
10,32,20,0,0,0,0,200
31,37,55,0,0,0,0,200
28,16,54,0,0,0,1,200
11,2,7,0,0,0,1,200
18,33,49,0,0,0,0,200
25,47,71,0,0,0,0,200
26,14,56,0,0,0,1,200
39,40,58,0,0,0,1,200
33,20,44,0,0,0,1,200
8,23,5,0,0,0,0,200
13,4,22,0,0,0,1,200
16,26,27,0,0,0,0,200
18,8,18,0,0,0,1,200
33,38,45,0,0,0,0,200
25,32,38,0,0,0,0,200
11,30,11,0,0,0,0,200
12,32,19,0,0,0,0,200
26,23,48,0,0,0,0,200
17,29,32,0,0,0,0,200
34,21,70,0,0,0,1,200
22,17,52,0,0,0,1,200
21,51,15,0,0,0,0,200
31,15,78,0,0,0,1,200
23,38,50,0,0,0,0,200
22,7,35,0,0,0,1,200
50,35,86,0,0,0,1,200
32,15,53,0,0,0,1,200
11,5,11,0,0,0,1,200
40,16,46,0,0,0,1,200
33,16,49,0,0,0,1,200
20,15,31,0,0,0,1,200
20,31,36,0,0,0,0,200
11,25,19,0,0,0,0,200
36,25,68,0,0,0,1,200
14,29,23,0,0,0,0,200
34,22,57,0,0,0,1,200
26,44,35,0,0,0,0,200
23,41,45,0,0,0,0,200
14,41,16,0,0,0,0,200
5,16,6,0,0,0,0,200
38,25,76,0,0,0,1,200
12,33,13,0,0,0,0,200
32,18,43,0,0,0,1,200
33,34,67,0,0,0,0,200
23,10,24,0,0,0,1,200
20,10,25,0,0,0,1,200
11,29,17,0,0,0,0,200
34,23,47,0,0,0,1,200
8,35,10,0,0,0,0,200
6,24,5,0,0,0,0,200
10,20,12,0,0,0,0,200
27,22,56,0,0,0,1,200
28,26,65,0,0,0,0,200
24,12,34,0,0,0,1,200
33,13,45,0,0,0,1,200
12,18,19,0,0,0,0,200
39,42,52,0,0,0,0,200
8,22,5,0,0,0,0,200
21,32,42,0,0,0,0,200
25,36,45,0,0,0,0,200
32,26,101,0,0,0,1,200
48,51,102,0,0,0,1,200
23,16,47,0,0,0,1,200
19,35,21,0,0,0,0,200
28,25,49,0,0,0,1,200
31,27,53,0,0,0,1,200
15,27,17,0,0,0,0,200
26,15,51,0,0,0,1,200
22,38,27,0,0,0,0,200
39,29,73,0,0,0,1,200
26,15,56,0,0,0,1,200
39,13,67,0,0,0,1,200
6,15,6,0,0,0,0,200
71,73,126,0,0,0,1,200
54,41,124,0,0,0,1,200
37,23,59,0,0,0,1,200
0,0,0,0,0,0,0,200
49,52,87,0,0,0,1,200
53,28,129,0,0,0,1,200
68,55,149,0,0,0,1,200
73,70,150,0,0,0,1,200
36,42,44,0,0,0,1,200
22,8,24,0,0,0,1,200
13,33,18,0,0,0,0,200
44,26,61,0,0,0,1,200
35,16,35,0,0,0,1,200
18,11,28,0,0,0,1,200
8,22,6,0,0,0,0,200
54,50,122,0,0,0,1,200
55,57,109,0,0,0,0,200
36,17,50,0,0,0,1,200
25,16,52,0,0,0,1,200
29,13,51,0,0,0,1,200
44,47,63,0,0,0,0,200
5,26,4,0,0,0,0,200
18,34,30,0,0,0,0,200
32,48,43,0,0,0,0,200
38,29,62,0,0,0,1,200
29,45,53,0,0,0,0,200
31,31,54,0,0,0,0,200
13,35,21,0,0,0,0,200
29,10,38,0,0,0,1,200
7,26,9,0,0,0,0,200
21,37,51,0,0,0,0,200
29,35,58,0,0,0,0,200
38,16,45,0,0,0,1,200
26,33,44,0,0,0,0,200
13,6,18,0,0,0,1,200
7,35,15,0,0,0,0,200
20,25,32,0,0,0,0,200
40,33,100,0,0,0,1,200
43,52,65,0,0,0,1,200
43,59,88,0,0,0,0,200
42,46,91,0,0,0,0,200
53,54,116,0,0,0,0,200
30,20,67,0,0,0,1,200
12,29,13,0,0,0,0,200
34,19,62,0,0,0,1,200
12,32,21,0,0,0,0,200
46,57,106,0,0,0,0,200
65,61,100,0,0,0,0,200
34,23,34,0,0,0,1,200
60,59,118,0,0,0,1,200
51,44,124,0,0,0,1,200
41,26,49,0,0,0,1,200
45,38,120,0,0,0,1,200
42,39,93,0,0,0,1,200
80,52,153,0,0,0,1,200
61,65,164,0,0,0,0,200
14,30,26,0,0,0,0,200
23,29,26,0,0,0,0,200
14,26,22,0,0,0,0,200
14,27,15,0,0,0,0,200
22,35,28,0,0,0,0,200
35,31,60,0,0,0,1,200
29,25,56,0,0,0,0,200
73,60,72,0,0,0,1,200
28,13,70,0,0,0,1,200
47,41,49,0,0,0,0,200
50,37,56,0,0,0,0,200
33,27,65,0,0,0,1,200
25,34,50,0,0,0,0,200
23,7,24,0,0,0,1,200
7,0,11,0,0,0,1,200
31,13,41,0,0,0,1,200
56,58,41,0,0,0,1,200
31,35,70,0,0,0,0,200
31,19,64,0,0,0,1,200
28,12,59,0,0,0,1,200
19,24,33,0,0,0,0,200
15,34,31,0,0,0,0,200
7,19,4,0,0,0,0,200
36,42,80,0,0,0,0,200
31,38,46,0,0,0,0,200
19,32,40,0,0,0,0,200
0,1,0,0,0,0,0,200
12,24,20,0,0,0,0,200
39,40,69,0,0,0,0,200
26,9,35,0,0,0,1,200
40,34,84,0,0,0,1,200
34,15,67,0,0,0,1,200
23,12,38,0,0,0,1,200
17,18,28,0,0,0,1,200
28,13,33,0,0,0,1,200
3,18,5,0,0,0,0,200
19,28,32,0,0,0,0,200
9,22,12,0,0,0,0,200
29,14,43,0,0,0,1,200
17,21,23,0,0,0,0,200
11,28,14,0,0,0,0,200
41,45,77,0,0,0,0,200
53,28,78,0,0,0,1,200
27,9,27,0,0,0,1,200
23,21,51,0,0,0,1,200
26,17,40,0,0,0,1,200
28,20,61,0,0,0,1,200
32,16,56,0,0,0,1,200
22,9,46,0,0,0,1,200
33,21,65,0,0,0,1,200
23,31,45,0,0,0,0,200
38,32,91,0,0,0,1,200
18,6,36,0,0,0,1,200
34,16,55,0,0,0,1,200
24,24,41,0,0,0,1,200
7,21,11,0,0,0,0,200
22,39,41,0,0,0,0,200
27,13,43,0,0,0,1,200
6,25,4,0,0,0,0,200
30,24,49,0,0,0,1,200
21,22,38,0,0,0,0,200
10,16,15,0,0,0,0,200
9,33,10,0,0,0,0,200
45,22,41,0,0,0,1,200
20,8,40,0,0,0,1,200
6,15,11,0,0,0,0,200
27,19,62,0,0,0,1,200
3,24,5,0,0,0,0,200
24,15,45,0,0,0,1,200
6,18,9,0,0,0,0,200
37,26,75,0,0,0,1,200
20,39,39,0,0,0,0,200
31,16,48,0,0,0,1,200
31,39,63,0,0,0,0,200
32,48,47,0,0,0,0,200
16,34,21,0,0,0,0,200
36,41,59,0,0,0,0,200
30,29,46,0,0,0,1,200
6,20,7,0,0,0,0,200
15,24,23,0,0,0,0,200
31,28,57,0,0,0,1,200
8,17,9,0,0,0,0,200
24,22,38,0,0,0,1,200
16,3,34,0,0,0,1,200
16,13,22,0,0,0,1,200
20,9,31,0,0,0,1,200
41,15,84,0,0,0,1,200
26,3,36,0,0,0,1,200
22,9,30,0,0,0,1,200
27,23,52,0,0,0,1,200
40,30,83,0,0,0,1,200
19,9,23,0,0,0,1,200
11,14,16,0,0,0,0,200
26,9,42,0,0,0,1,200
1,0,0,0,0,0,0,200
34,35,50,0,0,0,1,200
26,26,50,0,0,0,0,200
16,5,20,0,0,0,1,200
35,18,41,0,0,0,1,200
8,19,7,0,0,0,0,200
18,13,24,0,0,0,1,200
9,29,18,0,0,0,0,200
33,33,70,0,0,0,1,200
22,39,43,0,0,0,0,200
24,46,48,0,0,0,0,200
18,7,35,0,0,0,1,200
33,23,76,0,0,0,1,200
18,39,36,0,0,0,0,200
18,41,24,0,0,0,0,200
28,18,43,0,0,0,1,200
31,10,56,0,0,0,1,200
8,24,6,0,0,0,0,200
20,29,21,0,0,0,0,200
24,39,38,0,0,0,0,200
36,13,53,0,0,0,1,200
23,11,35,0,0,0,1,200
15,35,24,0,0,0,0,200
36,24,58,0,0,0,1,200
33,22,45,0,0,0,1,200
24,36,35,0,0,0,0,200
15,36,30,0,0,0,0,200
25,47,43,0,0,0,0,200
33,17,59,0,0,0,1,200
21,10,42,0,0,0,1,200
22,34,22,0,0,0,0,200
35,23,73,0,0,0,1,200
30,35,42,0,0,0,0,200
21,26,47,0,0,0,0,200
14,4,13,0,0,0,1,200
11,25,13,0,0,0,0,200
13,6,20,0,0,0,1,200
27,17,60,0,0,0,1,200
15,26,20,0,0,0,0,200
20,13,17,0,0,0,1,200
38,34,83,0,0,0,1,200
37,15,74,0,0,0,1,200
8,21,17,0,0,0,0,200
23,7,26,0,0,0,1,200
22,30,43,0,0,0,0,200
29,12,36,0,0,0,1,200
21,35,39,0,0,0,0,200
31,21,72,0,0,0,1,200
10,19,19,0,0,0,0,200
10,19,23,0,0,0,0,200
19,37,28,0,0,0,0,200
28,39,45,0,0,0,0,200
25,10,30,0,0,0,1,200
17,12,24,0,0,0,1,200
27,24,57,0,0,0,0,200
20,27,42,0,0,0,0,200
20,8,42,0,0,0,1,200
24,30,47,0,0,0,1,200
24,19,46,0,0,0,1,200
15,15,24,0,0,0,0,200
14,28,20,0,0,0,0,200
12,38,14,0,0,0,0,200
25,25,51,0,0,0,1,200
25,31,37,0,0,0,0,200
19,32,26,0,0,0,0,200
24,10,35,0,0,0,1,200
4,15,4,0,0,0,0,200
22,8,37,0,0,0,1,200
27,15,61,0,0,0,1,200
4,18,4,0,0,0,0,200
19,13,35,0,0,0,1,200
16,27,26,0,0,0,0,200
22,18,32,0,0,0,1,200
22,11,39,0,0,0,1,200
21,15,34,0,0,0,1,200
13,26,14,0,0,0,0,200
37,25,60,0,0,0,1,200
32,18,60,0,0,0,1,200
13,30,18,0,0,0,0,200
8,19,13,0,0,0,0,200
20,28,38,0,0,0,0,200
13,6,20,0,0,0,1,200
18,29,35,0,0,0,0,200
22,43,26,0,0,0,0,200
29,5,58,0,0,0,1,200
17,25,35,0,0,0,0,200
21,28,37,0,0,0,0,200
24,50,34,0,0,0,0,200
38,34,67,0,0,0,0,200
41,25,69,0,0,0,1,200
23,24,46,0,0,0,1,200
22,17,47,0,0,0,1,200
4,32,5,0,0,0,0,200
29,19,53,0,0,0,1,200
20,9,33,0,0,0,1,200
35,29,58,0,0,0,1,200
20,15,34,0,0,0,1,200
30,39,47,0,0,0,1,200
11,21,9,0,0,0,0,200
13,28,15,0,0,0,0,200
11,34,9,0,0,0,0,200
18,33,29,0,0,0,0,200
20,13,35,0,0,0,1,200
7,18,10,0,0,0,0,200
19,5,32,0,0,0,1,200
12,28,11,0,0,0,0,200
25,35,46,0,0,0,0,200
29,12,56,0,0,0,1,200
15,0,24,0,0,0,1,200
39,27,61,0,0,0,1,200
23,12,33,0,0,0,1,200
14,34,19,0,0,0,0,200
18,9,10,0,0,0,1,200
15,9,16,0,0,0,1,200
7,22,6,0,0,0,0,200
29,31,64,0,0,0,0,200
32,9,40,0,0,0,1,200
24,7,31,0,0,0,1,200
12,23,16,0,0,0,0,200
36,15,47,0,0,0,1,200
27,47,38,0,0,0,0,200
25,29,44,0,0,0,0,200
41,35,72,0,0,0,1,200
28,32,36,0,0,0,0,200
10,21,11,0,0,0,0,200
38,32,53,0,0,0,0,200
25,7,39,0,0,0,1,200
29,10,33,0,0,0,1,200
19,23,38,0,0,0,0,200
29,15,45,0,0,0,1,200
23,5,28,0,0,0,1,200
29,13,48,0,0,0,1,200
34,19,45,0,0,0,1,200
18,31,25,0,0,0,0,200
37,19,64,0,0,0,1,200
29,43,60,0,0,0,0,200
45,40,120,0,0,0,0,200
14,26,17,0,0,0,0,200
19,19,31,0,0,0,0,200
33,13,45,0,0,0,1,200
23,31,40,0,0,0,0,200
5,16,1,0,0,0,0,200
41,25,56,0,0,0,1,200
22,33,35,0,0,0,0,200
24,35,45,0,0,0,0,200
20,37,26,0,0,0,0,200
25,40,33,0,0,0,0,200
36,15,48,0,0,0,1,200
25,16,53,0,0,0,1,200
13,24,11,0,0,0,0,200
21,12,30,0,0,0,1,200
13,9,18,0,0,0,1,200
29,26,53,0,0,0,1,200
21,14,35,0,0,0,1,200
16,31,17,0,0,0,0,200
18,10,23,0,0,0,1,200
32,23,65,0,0,0,1,200
11,26,20,0,0,0,0,200
28,19,51,0,0,0,1,200
38,26,59,0,0,0,1,200
17,28,25,0,0,0,0,200
29,15,37,0,0,0,1,200
22,34,29,0,0,0,0,200
35,34,61,0,0,0,1,200
40,23,54,0,0,0,1,200
30,30,48,0,0,0,1,200
36,20,67,0,0,0,1,200
7,16,9,0,0,0,0,200
16,33,20,0,0,0,0,200
10,28,9,0,0,0,0,200
27,29,48,0,0,0,0,200
3,21,5,0,0,0,0,200
17,26,34,0,0,0,0,200
31,28,50,0,0,0,0,200
18,31,21,0,0,0,0,200
15,3,23,0,0,0,1,200
19,36,34,0,0,0,0,200
14,23,19,0,0,0,0,200
27,36,43,0,0,0,1,200
18,11,15,0,0,0,1,200
5,25,7,0,0,0,0,200
9,27,13,0,0,0,0,200
42,20,73,0,0,0,1,200
21,42,26,0,0,0,0,200
13,6,18,0,0,0,1,200
5,22,5,0,0,0,0,200
28,15,67,0,0,0,1,200
18,34,27,0,0,0,0,200
38,38,85,0,0,0,0,200
26,9,26,0,0,0,1,200
31,5,61,0,0,0,1,200
33,46,51,0,0,0,0,200
16,9,17,0,0,0,1,200
29,15,42,0,0,0,1,200
38,21,52,0,0,0,1,200
21,9,27,0,0,0,1,200
18,28,24,0,0,0,0,200
11,25,22,0,0,0,0,200
13,3,17,0,0,0,1,200
11,29,13,0,0,0,0,200
11,28,8,0,0,0,0,200
34,11,48,0,0,0,1,200
20,15,46,0,0,0,1,200
18,8,23,0,0,0,1,200
30,35,61,0,0,0,1,200
30,15,42,0,0,0,1,200
26,17,49,0,0,0,1,200
9,18,9,0,0,0,0,200
15,38,10,0,0,0,0,200
27,35,56,0,0,0,0,200
35,30,55,0,0,0,1,200
35,14,65,0,0,0,1,200
22,36,38,0,0,0,0,200
19,38,33,0,0,0,0,200
26,46,38,0,0,0,0,200
36,45,66,0,0,0,0,200
37,43,70,0,0,0,0,200
24,7,20,0,0,0,1,200
31,15,55,0,0,0,1,200
29,12,52,0,0,0,1,200
43,24,67,0,0,0,1,200
19,36,26,0,0,0,0,200
38,31,85,0,0,0,1,200
33,41,47,0,0,0,0,200
27,35,45,0,0,0,0,200
5,17,6,0,0,0,0,200
48,26,86,0,0,0,1,200
25,36,33,0,0,0,0,200
8,21,9,0,0,0,0,200
